lookup_id,inchi_key,conf_id,energy_gen,status_gen,method,charge,rot_bonds,filename,energy_xtb,status_xtb,energy_gxtb,status_gxtb,energy_dft,status_dft
GWZMWHWAWHPNHN-YFKPBYRVSA-N_conf0,GWZMWHWAWHPNHN-YFKPBYRVSA-N,0,24.783270212842027,generated,rdkit,0,5,GWZMWHWAWHPNHN-YFKPBYRVSA-N_conf0.xyz,,,,,,
GWZMWHWAWHPNHN-YFKPBYRVSA-N_conf1,GWZMWHWAWHPNHN-YFKPBYRVSA-N,1,31.359503642084853,generated,rdkit,0,5,GWZMWHWAWHPNHN-YFKPBYRVSA-N_conf1.xyz,,,,,,
GWZMWHWAWHPNHN-YFKPBYRVSA-N_conf2,GWZMWHWAWHPNHN-YFKPBYRVSA-N,2,28.54163074703377,generated,rdkit,0,5,GWZMWHWAWHPNHN-YFKPBYRVSA-N_conf2.xyz,,,,,,
GWZMWHWAWHPNHN-YFKPBYRVSA-N_conf3,GWZMWHWAWHPNHN-YFKPBYRVSA-N,3,26.092149718435913,generated,rdkit,0,5,GWZMWHWAWHPNHN-YFKPBYRVSA-N_conf3.xyz,,,,,,
GWZMWHWAWHPNHN-YFKPBYRVSA-N_conf4,GWZMWHWAWHPNHN-YFKPBYRVSA-N,4,20.513984190312037,generated,rdkit,0,5,GWZMWHWAWHPNHN-YFKPBYRVSA-N_conf4.xyz,,,,,,
GWZMWHWAWHPNHN-YFKPBYRVSA-N_conf5,GWZMWHWAWHPNHN-YFKPBYRVSA-N,5,22.645488164662208,generated,rdkit,0,5,GWZMWHWAWHPNHN-YFKPBYRVSA-N_conf5.xyz,,,,,,
GWZMWHWAWHPNHN-YFKPBYRVSA-N_conf6,GWZMWHWAWHPNHN-YFKPBYRVSA-N,6,21.158563116355367,generated,rdkit,0,5,GWZMWHWAWHPNHN-YFKPBYRVSA-N_conf6.xyz,,,,,,
GWZMWHWAWHPNHN-YFKPBYRVSA-N_conf7,GWZMWHWAWHPNHN-YFKPBYRVSA-N,7,21.89334142270564,generated,rdkit,0,5,GWZMWHWAWHPNHN-YFKPBYRVSA-N_conf7.xyz,,,,,,
GWZMWHWAWHPNHN-YFKPBYRVSA-N_conf8,GWZMWHWAWHPNHN-YFKPBYRVSA-N,8,18.743241787789895,generated,rdkit,0,5,GWZMWHWAWHPNHN-YFKPBYRVSA-N_conf8.xyz,,,,,,
GWZMWHWAWHPNHN-YFKPBYRVSA-N_conf9,GWZMWHWAWHPNHN-YFKPBYRVSA-N,9,27.090762710967777,generated,rdkit,0,5,GWZMWHWAWHPNHN-YFKPBYRVSA-N_conf9.xyz,,,,,,
GWZMWHWAWHPNHN-YFKPBYRVSA-N_conf10,GWZMWHWAWHPNHN-YFKPBYRVSA-N,10,26.53030097693353,generated,rdkit,0,5,GWZMWHWAWHPNHN-YFKPBYRVSA-N_conf10.xyz,,,,,,
GWZMWHWAWHPNHN-YFKPBYRVSA-N_conf11,GWZMWHWAWHPNHN-YFKPBYRVSA-N,11,23.717988226787423,generated,rdkit,0,5,GWZMWHWAWHPNHN-YFKPBYRVSA-N_conf11.xyz,,,,,,
GWZMWHWAWHPNHN-YFKPBYRVSA-N_conf12,GWZMWHWAWHPNHN-YFKPBYRVSA-N,12,17.58394828242124,generated,rdkit,0,5,GWZMWHWAWHPNHN-YFKPBYRVSA-N_conf12.xyz,,,,,,
GWZMWHWAWHPNHN-YFKPBYRVSA-N_conf13,GWZMWHWAWHPNHN-YFKPBYRVSA-N,13,16.009017722668066,generated,rdkit,0,5,GWZMWHWAWHPNHN-YFKPBYRVSA-N_conf13.xyz,,,,,,
GWZMWHWAWHPNHN-YFKPBYRVSA-N_conf14,GWZMWHWAWHPNHN-YFKPBYRVSA-N,14,18.5163290503363,generated,rdkit,0,5,GWZMWHWAWHPNHN-YFKPBYRVSA-N_conf14.xyz,,,,,,
GWZMWHWAWHPNHN-YFKPBYRVSA-N_conf15,GWZMWHWAWHPNHN-YFKPBYRVSA-N,15,20.163386446331035,generated,rdkit,0,5,GWZMWHWAWHPNHN-YFKPBYRVSA-N_conf15.xyz,,,,,,
GWZMWHWAWHPNHN-YFKPBYRVSA-N_conf16,GWZMWHWAWHPNHN-YFKPBYRVSA-N,16,27.885669718417713,generated,rdkit,0,5,GWZMWHWAWHPNHN-YFKPBYRVSA-N_conf16.xyz,,,,,,
GWZMWHWAWHPNHN-YFKPBYRVSA-N_conf17,GWZMWHWAWHPNHN-YFKPBYRVSA-N,17,26.347667089077174,generated,rdkit,0,5,GWZMWHWAWHPNHN-YFKPBYRVSA-N_conf17.xyz,,,,,,
GWZMWHWAWHPNHN-YFKPBYRVSA-N_conf18,GWZMWHWAWHPNHN-YFKPBYRVSA-N,18,29.862495393765823,generated,rdkit,0,5,GWZMWHWAWHPNHN-YFKPBYRVSA-N_conf18.xyz,,,,,,
GWZMWHWAWHPNHN-YFKPBYRVSA-N_conf19,GWZMWHWAWHPNHN-YFKPBYRVSA-N,19,21.64095873911781,generated,rdkit,0,5,GWZMWHWAWHPNHN-YFKPBYRVSA-N_conf19.xyz,,,,,,
GWZMWHWAWHPNHN-YFKPBYRVSA-N_conf20,GWZMWHWAWHPNHN-YFKPBYRVSA-N,20,26.82541699275294,generated,rdkit,0,5,GWZMWHWAWHPNHN-YFKPBYRVSA-N_conf20.xyz,,,,,,
GWZMWHWAWHPNHN-YFKPBYRVSA-N_conf21,GWZMWHWAWHPNHN-YFKPBYRVSA-N,21,18.936860799878307,generated,rdkit,0,5,GWZMWHWAWHPNHN-YFKPBYRVSA-N_conf21.xyz,,,,,,
GWZMWHWAWHPNHN-YFKPBYRVSA-N_conf22,GWZMWHWAWHPNHN-YFKPBYRVSA-N,22,29.155102793661868,generated,rdkit,0,5,GWZMWHWAWHPNHN-YFKPBYRVSA-N_conf22.xyz,,,,,,
GWZMWHWAWHPNHN-YFKPBYRVSA-N_conf23,GWZMWHWAWHPNHN-YFKPBYRVSA-N,23,18.45393932920634,generated,rdkit,0,5,GWZMWHWAWHPNHN-YFKPBYRVSA-N_conf23.xyz,,,,,,
GWZMWHWAWHPNHN-YFKPBYRVSA-N_conf24,GWZMWHWAWHPNHN-YFKPBYRVSA-N,24,34.24925378214236,generated,rdkit,0,5,GWZMWHWAWHPNHN-YFKPBYRVSA-N_conf24.xyz,,,,,,
GWZMWHWAWHPNHN-YFKPBYRVSA-N_conf25,GWZMWHWAWHPNHN-YFKPBYRVSA-N,25,25.392188122622553,generated,rdkit,0,5,GWZMWHWAWHPNHN-YFKPBYRVSA-N_conf25.xyz,,,,,,
GWZMWHWAWHPNHN-YFKPBYRVSA-N_conf26,GWZMWHWAWHPNHN-YFKPBYRVSA-N,26,17.740909348772924,generated,rdkit,0,5,GWZMWHWAWHPNHN-YFKPBYRVSA-N_conf26.xyz,,,,,,
GWZMWHWAWHPNHN-YFKPBYRVSA-N_conf27,GWZMWHWAWHPNHN-YFKPBYRVSA-N,27,37.922599535004125,generated,rdkit,0,5,GWZMWHWAWHPNHN-YFKPBYRVSA-N_conf27.xyz,,,,,,
GWZMWHWAWHPNHN-YFKPBYRVSA-N_conf28,GWZMWHWAWHPNHN-YFKPBYRVSA-N,28,15.679968088374677,generated,rdkit,0,5,GWZMWHWAWHPNHN-YFKPBYRVSA-N_conf28.xyz,,,,,,
GWZMWHWAWHPNHN-YFKPBYRVSA-N_conf29,GWZMWHWAWHPNHN-YFKPBYRVSA-N,29,24.1353988978443,generated,rdkit,0,5,GWZMWHWAWHPNHN-YFKPBYRVSA-N_conf29.xyz,,,,,,
GWZMWHWAWHPNHN-YFKPBYRVSA-N_conf30,GWZMWHWAWHPNHN-YFKPBYRVSA-N,30,22.070975792684,generated,rdkit,0,5,GWZMWHWAWHPNHN-YFKPBYRVSA-N_conf30.xyz,,,,,,
GWZMWHWAWHPNHN-YFKPBYRVSA-N_conf31,GWZMWHWAWHPNHN-YFKPBYRVSA-N,31,27.637340105155303,generated,rdkit,0,5,GWZMWHWAWHPNHN-YFKPBYRVSA-N_conf31.xyz,,,,,,
GWZMWHWAWHPNHN-YFKPBYRVSA-N_conf32,GWZMWHWAWHPNHN-YFKPBYRVSA-N,32,22.129541380897756,generated,rdkit,0,5,GWZMWHWAWHPNHN-YFKPBYRVSA-N_conf32.xyz,,,,,,
GWZMWHWAWHPNHN-YFKPBYRVSA-N_conf33,GWZMWHWAWHPNHN-YFKPBYRVSA-N,33,19.277288624690524,generated,rdkit,0,5,GWZMWHWAWHPNHN-YFKPBYRVSA-N_conf33.xyz,,,,,,
GWZMWHWAWHPNHN-YFKPBYRVSA-N_conf34,GWZMWHWAWHPNHN-YFKPBYRVSA-N,34,13.435570890236606,generated,rdkit,0,5,GWZMWHWAWHPNHN-YFKPBYRVSA-N_conf34.xyz,,,,,,
GWZMWHWAWHPNHN-YFKPBYRVSA-N_conf35,GWZMWHWAWHPNHN-YFKPBYRVSA-N,35,22.129411499187505,generated,rdkit,0,5,GWZMWHWAWHPNHN-YFKPBYRVSA-N_conf35.xyz,,,,,,
GWZMWHWAWHPNHN-YFKPBYRVSA-N_conf36,GWZMWHWAWHPNHN-YFKPBYRVSA-N,36,29.72201667116544,generated,rdkit,0,5,GWZMWHWAWHPNHN-YFKPBYRVSA-N_conf36.xyz,,,,,,
GWZMWHWAWHPNHN-YFKPBYRVSA-N_conf37,GWZMWHWAWHPNHN-YFKPBYRVSA-N,37,23.779670120749888,generated,rdkit,0,5,GWZMWHWAWHPNHN-YFKPBYRVSA-N_conf37.xyz,,,,,,
GWZMWHWAWHPNHN-YFKPBYRVSA-N_conf38,GWZMWHWAWHPNHN-YFKPBYRVSA-N,38,15.499144506753863,generated,rdkit,0,5,GWZMWHWAWHPNHN-YFKPBYRVSA-N_conf38.xyz,,,,,,
GWZMWHWAWHPNHN-YFKPBYRVSA-N_conf39,GWZMWHWAWHPNHN-YFKPBYRVSA-N,39,18.021889504737175,generated,rdkit,0,5,GWZMWHWAWHPNHN-YFKPBYRVSA-N_conf39.xyz,,,,,,
GWZMWHWAWHPNHN-YFKPBYRVSA-N_conf40,GWZMWHWAWHPNHN-YFKPBYRVSA-N,40,20.721082804182423,generated,rdkit,0,5,GWZMWHWAWHPNHN-YFKPBYRVSA-N_conf40.xyz,,,,,,
GWZMWHWAWHPNHN-YFKPBYRVSA-N_conf41,GWZMWHWAWHPNHN-YFKPBYRVSA-N,41,21.710299557122745,generated,rdkit,0,5,GWZMWHWAWHPNHN-YFKPBYRVSA-N_conf41.xyz,,,,,,
GWZMWHWAWHPNHN-YFKPBYRVSA-N_conf42,GWZMWHWAWHPNHN-YFKPBYRVSA-N,42,28.33099690055141,generated,rdkit,0,5,GWZMWHWAWHPNHN-YFKPBYRVSA-N_conf42.xyz,,,,,,
GWZMWHWAWHPNHN-YFKPBYRVSA-N_conf43,GWZMWHWAWHPNHN-YFKPBYRVSA-N,43,19.942657782358797,generated,rdkit,0,5,GWZMWHWAWHPNHN-YFKPBYRVSA-N_conf43.xyz,,,,,,
GWZMWHWAWHPNHN-YFKPBYRVSA-N_conf44,GWZMWHWAWHPNHN-YFKPBYRVSA-N,44,22.15680626874076,generated,rdkit,0,5,GWZMWHWAWHPNHN-YFKPBYRVSA-N_conf44.xyz,,,,,,
GWZMWHWAWHPNHN-YFKPBYRVSA-N_conf45,GWZMWHWAWHPNHN-YFKPBYRVSA-N,45,26.70914436073672,generated,rdkit,0,5,GWZMWHWAWHPNHN-YFKPBYRVSA-N_conf45.xyz,,,,,,
GWZMWHWAWHPNHN-YFKPBYRVSA-N_conf46,GWZMWHWAWHPNHN-YFKPBYRVSA-N,46,29.72574892280088,generated,rdkit,0,5,GWZMWHWAWHPNHN-YFKPBYRVSA-N_conf46.xyz,,,,,,
GWZMWHWAWHPNHN-YFKPBYRVSA-N_conf47,GWZMWHWAWHPNHN-YFKPBYRVSA-N,47,14.005488158853172,generated,rdkit,0,5,GWZMWHWAWHPNHN-YFKPBYRVSA-N_conf47.xyz,,,,,,
GWZMWHWAWHPNHN-YFKPBYRVSA-N_conf48,GWZMWHWAWHPNHN-YFKPBYRVSA-N,48,27.623174248726386,generated,rdkit,0,5,GWZMWHWAWHPNHN-YFKPBYRVSA-N_conf48.xyz,,,,,,
GWZMWHWAWHPNHN-YFKPBYRVSA-N_conf49,GWZMWHWAWHPNHN-YFKPBYRVSA-N,49,38.766853029495564,generated,rdkit,0,5,GWZMWHWAWHPNHN-YFKPBYRVSA-N_conf49.xyz,,,,,,
GWZMWHWAWHPNHN-YFKPBYRVSA-N_conf50,GWZMWHWAWHPNHN-YFKPBYRVSA-N,50,21.56814772357522,generated,rdkit,0,5,GWZMWHWAWHPNHN-YFKPBYRVSA-N_conf50.xyz,,,,,,
GWZMWHWAWHPNHN-YFKPBYRVSA-N_conf51,GWZMWHWAWHPNHN-YFKPBYRVSA-N,51,37.568531900513854,generated,rdkit,0,5,GWZMWHWAWHPNHN-YFKPBYRVSA-N_conf51.xyz,,,,,,
GWZMWHWAWHPNHN-YFKPBYRVSA-N_conf52,GWZMWHWAWHPNHN-YFKPBYRVSA-N,52,22.95218169739266,generated,rdkit,0,5,GWZMWHWAWHPNHN-YFKPBYRVSA-N_conf52.xyz,,,,,,
GWZMWHWAWHPNHN-YFKPBYRVSA-N_conf53,GWZMWHWAWHPNHN-YFKPBYRVSA-N,53,20.590058475585455,generated,rdkit,0,5,GWZMWHWAWHPNHN-YFKPBYRVSA-N_conf53.xyz,,,,,,
GWZMWHWAWHPNHN-YFKPBYRVSA-N_conf54,GWZMWHWAWHPNHN-YFKPBYRVSA-N,54,19.113730196920415,generated,rdkit,0,5,GWZMWHWAWHPNHN-YFKPBYRVSA-N_conf54.xyz,,,,,,
GWZMWHWAWHPNHN-YFKPBYRVSA-N_conf55,GWZMWHWAWHPNHN-YFKPBYRVSA-N,55,11.921612800175847,generated,rdkit,0,5,GWZMWHWAWHPNHN-YFKPBYRVSA-N_conf55.xyz,,,,,,
GWZMWHWAWHPNHN-YFKPBYRVSA-N_conf56,GWZMWHWAWHPNHN-YFKPBYRVSA-N,56,25.193482392311328,generated,rdkit,0,5,GWZMWHWAWHPNHN-YFKPBYRVSA-N_conf56.xyz,,,,,,
GWZMWHWAWHPNHN-YFKPBYRVSA-N_conf57,GWZMWHWAWHPNHN-YFKPBYRVSA-N,57,30.12089364809994,generated,rdkit,0,5,GWZMWHWAWHPNHN-YFKPBYRVSA-N_conf57.xyz,,,,,,
GWZMWHWAWHPNHN-YFKPBYRVSA-N_conf58,GWZMWHWAWHPNHN-YFKPBYRVSA-N,58,18.86768828845227,generated,rdkit,0,5,GWZMWHWAWHPNHN-YFKPBYRVSA-N_conf58.xyz,,,,,,
GWZMWHWAWHPNHN-YFKPBYRVSA-N_conf59,GWZMWHWAWHPNHN-YFKPBYRVSA-N,59,17.699565334309316,generated,rdkit,0,5,GWZMWHWAWHPNHN-YFKPBYRVSA-N_conf59.xyz,,,,,,
GWZMWHWAWHPNHN-YFKPBYRVSA-N_conf60,GWZMWHWAWHPNHN-YFKPBYRVSA-N,60,19.002516316332716,generated,rdkit,0,5,GWZMWHWAWHPNHN-YFKPBYRVSA-N_conf60.xyz,,,,,,
GWZMWHWAWHPNHN-YFKPBYRVSA-N_conf61,GWZMWHWAWHPNHN-YFKPBYRVSA-N,61,19.466199431875935,generated,rdkit,0,5,GWZMWHWAWHPNHN-YFKPBYRVSA-N_conf61.xyz,,,,,,
GWZMWHWAWHPNHN-YFKPBYRVSA-N_conf62,GWZMWHWAWHPNHN-YFKPBYRVSA-N,62,28.654739066161344,generated,rdkit,0,5,GWZMWHWAWHPNHN-YFKPBYRVSA-N_conf62.xyz,,,,,,
GWZMWHWAWHPNHN-YFKPBYRVSA-N_conf63,GWZMWHWAWHPNHN-YFKPBYRVSA-N,63,33.090629877682986,generated,rdkit,0,5,GWZMWHWAWHPNHN-YFKPBYRVSA-N_conf63.xyz,,,,,,
GWZMWHWAWHPNHN-YFKPBYRVSA-N_conf64,GWZMWHWAWHPNHN-YFKPBYRVSA-N,64,27.01222092559382,generated,rdkit,0,5,GWZMWHWAWHPNHN-YFKPBYRVSA-N_conf64.xyz,,,,,,
GWZMWHWAWHPNHN-YFKPBYRVSA-N_conf65,GWZMWHWAWHPNHN-YFKPBYRVSA-N,65,22.338590640868983,generated,rdkit,0,5,GWZMWHWAWHPNHN-YFKPBYRVSA-N_conf65.xyz,,,,,,
GWZMWHWAWHPNHN-YFKPBYRVSA-N_conf66,GWZMWHWAWHPNHN-YFKPBYRVSA-N,66,28.589435954884877,generated,rdkit,0,5,GWZMWHWAWHPNHN-YFKPBYRVSA-N_conf66.xyz,,,,,,
GWZMWHWAWHPNHN-YFKPBYRVSA-N_conf67,GWZMWHWAWHPNHN-YFKPBYRVSA-N,67,43.73102427162674,generated,rdkit,0,5,GWZMWHWAWHPNHN-YFKPBYRVSA-N_conf67.xyz,,,,,,
GWZMWHWAWHPNHN-YFKPBYRVSA-N_conf68,GWZMWHWAWHPNHN-YFKPBYRVSA-N,68,27.460836920963562,generated,rdkit,0,5,GWZMWHWAWHPNHN-YFKPBYRVSA-N_conf68.xyz,,,,,,
GWZMWHWAWHPNHN-YFKPBYRVSA-N_conf69,GWZMWHWAWHPNHN-YFKPBYRVSA-N,69,29.934243673513162,generated,rdkit,0,5,GWZMWHWAWHPNHN-YFKPBYRVSA-N_conf69.xyz,,,,,,
GWZMWHWAWHPNHN-YFKPBYRVSA-N_conf70,GWZMWHWAWHPNHN-YFKPBYRVSA-N,70,32.121114109142894,generated,rdkit,0,5,GWZMWHWAWHPNHN-YFKPBYRVSA-N_conf70.xyz,,,,,,
GWZMWHWAWHPNHN-YFKPBYRVSA-N_conf71,GWZMWHWAWHPNHN-YFKPBYRVSA-N,71,29.992273927458143,generated,rdkit,0,5,GWZMWHWAWHPNHN-YFKPBYRVSA-N_conf71.xyz,,,,,,
GWZMWHWAWHPNHN-YFKPBYRVSA-N_conf72,GWZMWHWAWHPNHN-YFKPBYRVSA-N,72,21.68719454866797,generated,rdkit,0,5,GWZMWHWAWHPNHN-YFKPBYRVSA-N_conf72.xyz,,,,,,
GWZMWHWAWHPNHN-YFKPBYRVSA-N_conf73,GWZMWHWAWHPNHN-YFKPBYRVSA-N,73,15.706613081556883,generated,rdkit,0,5,GWZMWHWAWHPNHN-YFKPBYRVSA-N_conf73.xyz,,,,,,
GWZMWHWAWHPNHN-YFKPBYRVSA-N_conf74,GWZMWHWAWHPNHN-YFKPBYRVSA-N,74,25.338571849049043,generated,rdkit,0,5,GWZMWHWAWHPNHN-YFKPBYRVSA-N_conf74.xyz,,,,,,
GWZMWHWAWHPNHN-YFKPBYRVSA-N_conf75,GWZMWHWAWHPNHN-YFKPBYRVSA-N,75,19.752465635761943,generated,rdkit,0,5,GWZMWHWAWHPNHN-YFKPBYRVSA-N_conf75.xyz,,,,,,
GWZMWHWAWHPNHN-YFKPBYRVSA-N_conf76,GWZMWHWAWHPNHN-YFKPBYRVSA-N,76,17.588078654455423,generated,rdkit,0,5,GWZMWHWAWHPNHN-YFKPBYRVSA-N_conf76.xyz,,,,,,
GWZMWHWAWHPNHN-YFKPBYRVSA-N_conf77,GWZMWHWAWHPNHN-YFKPBYRVSA-N,77,34.687726373563784,generated,rdkit,0,5,GWZMWHWAWHPNHN-YFKPBYRVSA-N_conf77.xyz,,,,,,
GWZMWHWAWHPNHN-YFKPBYRVSA-N_conf78,GWZMWHWAWHPNHN-YFKPBYRVSA-N,78,21.075630580305713,generated,rdkit,0,5,GWZMWHWAWHPNHN-YFKPBYRVSA-N_conf78.xyz,,,,,,
GWZMWHWAWHPNHN-YFKPBYRVSA-N_conf79,GWZMWHWAWHPNHN-YFKPBYRVSA-N,79,20.26792426019172,generated,rdkit,0,5,GWZMWHWAWHPNHN-YFKPBYRVSA-N_conf79.xyz,,,,,,
GWZMWHWAWHPNHN-YFKPBYRVSA-N_conf80,GWZMWHWAWHPNHN-YFKPBYRVSA-N,80,33.947488232016624,generated,rdkit,0,5,GWZMWHWAWHPNHN-YFKPBYRVSA-N_conf80.xyz,,,,,,
GWZMWHWAWHPNHN-YFKPBYRVSA-N_conf81,GWZMWHWAWHPNHN-YFKPBYRVSA-N,81,16.797551599186136,generated,rdkit,0,5,GWZMWHWAWHPNHN-YFKPBYRVSA-N_conf81.xyz,,,,,,
GWZMWHWAWHPNHN-YFKPBYRVSA-N_conf82,GWZMWHWAWHPNHN-YFKPBYRVSA-N,82,14.772574813049047,generated,rdkit,0,5,GWZMWHWAWHPNHN-YFKPBYRVSA-N_conf82.xyz,,,,,,
GWZMWHWAWHPNHN-YFKPBYRVSA-N_conf83,GWZMWHWAWHPNHN-YFKPBYRVSA-N,83,19.907357732992,generated,rdkit,0,5,GWZMWHWAWHPNHN-YFKPBYRVSA-N_conf83.xyz,,,,,,
GWZMWHWAWHPNHN-YFKPBYRVSA-N_conf84,GWZMWHWAWHPNHN-YFKPBYRVSA-N,84,22.083876471930953,generated,rdkit,0,5,GWZMWHWAWHPNHN-YFKPBYRVSA-N_conf84.xyz,,,,,,
GWZMWHWAWHPNHN-YFKPBYRVSA-N_conf85,GWZMWHWAWHPNHN-YFKPBYRVSA-N,85,24.90260371117017,generated,rdkit,0,5,GWZMWHWAWHPNHN-YFKPBYRVSA-N_conf85.xyz,,,,,,
GWZMWHWAWHPNHN-YFKPBYRVSA-N_conf86,GWZMWHWAWHPNHN-YFKPBYRVSA-N,86,21.529683314895795,generated,rdkit,0,5,GWZMWHWAWHPNHN-YFKPBYRVSA-N_conf86.xyz,,,,,,
GWZMWHWAWHPNHN-YFKPBYRVSA-N_conf87,GWZMWHWAWHPNHN-YFKPBYRVSA-N,87,17.55475876389407,generated,rdkit,0,5,GWZMWHWAWHPNHN-YFKPBYRVSA-N_conf87.xyz,,,,,,
GWZMWHWAWHPNHN-YFKPBYRVSA-N_conf88,GWZMWHWAWHPNHN-YFKPBYRVSA-N,88,14.068402128959642,generated,rdkit,0,5,GWZMWHWAWHPNHN-YFKPBYRVSA-N_conf88.xyz,,,,,,
GWZMWHWAWHPNHN-YFKPBYRVSA-N_conf89,GWZMWHWAWHPNHN-YFKPBYRVSA-N,89,32.0769266631741,generated,rdkit,0,5,GWZMWHWAWHPNHN-YFKPBYRVSA-N_conf89.xyz,,,,,,
GWZMWHWAWHPNHN-YFKPBYRVSA-N_conf90,GWZMWHWAWHPNHN-YFKPBYRVSA-N,90,25.18190969130323,generated,rdkit,0,5,GWZMWHWAWHPNHN-YFKPBYRVSA-N_conf90.xyz,,,,,,
GWZMWHWAWHPNHN-YFKPBYRVSA-N_conf91,GWZMWHWAWHPNHN-YFKPBYRVSA-N,91,37.169332375456165,generated,rdkit,0,5,GWZMWHWAWHPNHN-YFKPBYRVSA-N_conf91.xyz,,,,,,
GWZMWHWAWHPNHN-YFKPBYRVSA-N_conf92,GWZMWHWAWHPNHN-YFKPBYRVSA-N,92,27.272811350554324,generated,rdkit,0,5,GWZMWHWAWHPNHN-YFKPBYRVSA-N_conf92.xyz,,,,,,
GWZMWHWAWHPNHN-YFKPBYRVSA-N_conf93,GWZMWHWAWHPNHN-YFKPBYRVSA-N,93,18.26721328204949,generated,rdkit,0,5,GWZMWHWAWHPNHN-YFKPBYRVSA-N_conf93.xyz,,,,,,
GWZMWHWAWHPNHN-YFKPBYRVSA-N_conf94,GWZMWHWAWHPNHN-YFKPBYRVSA-N,94,25.501524461982363,generated,rdkit,0,5,GWZMWHWAWHPNHN-YFKPBYRVSA-N_conf94.xyz,,,,,,
GWZMWHWAWHPNHN-YFKPBYRVSA-N_conf95,GWZMWHWAWHPNHN-YFKPBYRVSA-N,95,23.88744498152403,generated,rdkit,0,5,GWZMWHWAWHPNHN-YFKPBYRVSA-N_conf95.xyz,,,,,,
GWZMWHWAWHPNHN-YFKPBYRVSA-N_conf96,GWZMWHWAWHPNHN-YFKPBYRVSA-N,96,18.965320839831666,generated,rdkit,0,5,GWZMWHWAWHPNHN-YFKPBYRVSA-N_conf96.xyz,,,,,,
GWZMWHWAWHPNHN-YFKPBYRVSA-N_conf97,GWZMWHWAWHPNHN-YFKPBYRVSA-N,97,18.136122670180743,generated,rdkit,0,5,GWZMWHWAWHPNHN-YFKPBYRVSA-N_conf97.xyz,,,,,,
GWZMWHWAWHPNHN-YFKPBYRVSA-N_conf98,GWZMWHWAWHPNHN-YFKPBYRVSA-N,98,32.91848056010703,generated,rdkit,0,5,GWZMWHWAWHPNHN-YFKPBYRVSA-N_conf98.xyz,,,,,,
GWZMWHWAWHPNHN-YFKPBYRVSA-N_conf99,GWZMWHWAWHPNHN-YFKPBYRVSA-N,99,27.258662184577087,generated,rdkit,0,5,GWZMWHWAWHPNHN-YFKPBYRVSA-N_conf99.xyz,,,,,,
SUPCQIBBMFXVTL-UHFFFAOYSA-N_conf0,SUPCQIBBMFXVTL-UHFFFAOYSA-N,0,15.959681942570242,generated,rdkit,0,4,SUPCQIBBMFXVTL-UHFFFAOYSA-N_conf0.xyz,,,,,,
SUPCQIBBMFXVTL-UHFFFAOYSA-N_conf1,SUPCQIBBMFXVTL-UHFFFAOYSA-N,1,13.939626566550647,generated,rdkit,0,4,SUPCQIBBMFXVTL-UHFFFAOYSA-N_conf1.xyz,,,,,,
SUPCQIBBMFXVTL-UHFFFAOYSA-N_conf2,SUPCQIBBMFXVTL-UHFFFAOYSA-N,2,18.475494729250663,generated,rdkit,0,4,SUPCQIBBMFXVTL-UHFFFAOYSA-N_conf2.xyz,,,,,,
SUPCQIBBMFXVTL-UHFFFAOYSA-N_conf3,SUPCQIBBMFXVTL-UHFFFAOYSA-N,3,16.546667605217205,generated,rdkit,0,4,SUPCQIBBMFXVTL-UHFFFAOYSA-N_conf3.xyz,,,,,,
SUPCQIBBMFXVTL-UHFFFAOYSA-N_conf4,SUPCQIBBMFXVTL-UHFFFAOYSA-N,4,19.66955082294192,generated,rdkit,0,4,SUPCQIBBMFXVTL-UHFFFAOYSA-N_conf4.xyz,,,,,,
SUPCQIBBMFXVTL-UHFFFAOYSA-N_conf5,SUPCQIBBMFXVTL-UHFFFAOYSA-N,5,19.30790139716657,generated,rdkit,0,4,SUPCQIBBMFXVTL-UHFFFAOYSA-N_conf5.xyz,,,,,,
SUPCQIBBMFXVTL-UHFFFAOYSA-N_conf6,SUPCQIBBMFXVTL-UHFFFAOYSA-N,6,20.9272755987549,generated,rdkit,0,4,SUPCQIBBMFXVTL-UHFFFAOYSA-N_conf6.xyz,,,,,,
SUPCQIBBMFXVTL-UHFFFAOYSA-N_conf7,SUPCQIBBMFXVTL-UHFFFAOYSA-N,7,20.512703726220824,generated,rdkit,0,4,SUPCQIBBMFXVTL-UHFFFAOYSA-N_conf7.xyz,,,,,,
SUPCQIBBMFXVTL-UHFFFAOYSA-N_conf8,SUPCQIBBMFXVTL-UHFFFAOYSA-N,8,18.87706299259782,generated,rdkit,0,4,SUPCQIBBMFXVTL-UHFFFAOYSA-N_conf8.xyz,,,,,,
SUPCQIBBMFXVTL-UHFFFAOYSA-N_conf9,SUPCQIBBMFXVTL-UHFFFAOYSA-N,9,18.262710931071616,generated,rdkit,0,4,SUPCQIBBMFXVTL-UHFFFAOYSA-N_conf9.xyz,,,,,,
SUPCQIBBMFXVTL-UHFFFAOYSA-N_conf10,SUPCQIBBMFXVTL-UHFFFAOYSA-N,10,18.02797331941255,generated,rdkit,0,4,SUPCQIBBMFXVTL-UHFFFAOYSA-N_conf10.xyz,,,,,,
SUPCQIBBMFXVTL-UHFFFAOYSA-N_conf11,SUPCQIBBMFXVTL-UHFFFAOYSA-N,11,16.03877777790846,generated,rdkit,0,4,SUPCQIBBMFXVTL-UHFFFAOYSA-N_conf11.xyz,,,,,,
SUPCQIBBMFXVTL-UHFFFAOYSA-N_conf12,SUPCQIBBMFXVTL-UHFFFAOYSA-N,12,13.997869520682228,generated,rdkit,0,4,SUPCQIBBMFXVTL-UHFFFAOYSA-N_conf12.xyz,,,,,,
SUPCQIBBMFXVTL-UHFFFAOYSA-N_conf13,SUPCQIBBMFXVTL-UHFFFAOYSA-N,13,17.984405386670073,generated,rdkit,0,4,SUPCQIBBMFXVTL-UHFFFAOYSA-N_conf13.xyz,,,,,,
SUPCQIBBMFXVTL-UHFFFAOYSA-N_conf14,SUPCQIBBMFXVTL-UHFFFAOYSA-N,14,14.679257779174426,generated,rdkit,0,4,SUPCQIBBMFXVTL-UHFFFAOYSA-N_conf14.xyz,,,,,,
SUPCQIBBMFXVTL-UHFFFAOYSA-N_conf15,SUPCQIBBMFXVTL-UHFFFAOYSA-N,15,15.951721079062636,generated,rdkit,0,4,SUPCQIBBMFXVTL-UHFFFAOYSA-N_conf15.xyz,,,,,,
SUPCQIBBMFXVTL-UHFFFAOYSA-N_conf16,SUPCQIBBMFXVTL-UHFFFAOYSA-N,16,17.104903076198266,generated,rdkit,0,4,SUPCQIBBMFXVTL-UHFFFAOYSA-N_conf16.xyz,,,,,,
SUPCQIBBMFXVTL-UHFFFAOYSA-N_conf17,SUPCQIBBMFXVTL-UHFFFAOYSA-N,17,23.180864611983058,generated,rdkit,0,4,SUPCQIBBMFXVTL-UHFFFAOYSA-N_conf17.xyz,,,,,,
SUPCQIBBMFXVTL-UHFFFAOYSA-N_conf18,SUPCQIBBMFXVTL-UHFFFAOYSA-N,18,16.124756899775782,generated,rdkit,0,4,SUPCQIBBMFXVTL-UHFFFAOYSA-N_conf18.xyz,,,,,,
SUPCQIBBMFXVTL-UHFFFAOYSA-N_conf19,SUPCQIBBMFXVTL-UHFFFAOYSA-N,19,16.844265295196813,generated,rdkit,0,4,SUPCQIBBMFXVTL-UHFFFAOYSA-N_conf19.xyz,,,,,,
SUPCQIBBMFXVTL-UHFFFAOYSA-N_conf20,SUPCQIBBMFXVTL-UHFFFAOYSA-N,20,16.092612402245642,generated,rdkit,0,4,SUPCQIBBMFXVTL-UHFFFAOYSA-N_conf20.xyz,,,,,,
SUPCQIBBMFXVTL-UHFFFAOYSA-N_conf21,SUPCQIBBMFXVTL-UHFFFAOYSA-N,21,11.954886315721708,generated,rdkit,0,4,SUPCQIBBMFXVTL-UHFFFAOYSA-N_conf21.xyz,,,,,,
SUPCQIBBMFXVTL-UHFFFAOYSA-N_conf22,SUPCQIBBMFXVTL-UHFFFAOYSA-N,22,15.840934657437016,generated,rdkit,0,4,SUPCQIBBMFXVTL-UHFFFAOYSA-N_conf22.xyz,,,,,,
SUPCQIBBMFXVTL-UHFFFAOYSA-N_conf23,SUPCQIBBMFXVTL-UHFFFAOYSA-N,23,14.31345785270332,generated,rdkit,0,4,SUPCQIBBMFXVTL-UHFFFAOYSA-N_conf23.xyz,,,,,,
SUPCQIBBMFXVTL-UHFFFAOYSA-N_conf24,SUPCQIBBMFXVTL-UHFFFAOYSA-N,24,16.935069986356254,generated,rdkit,0,4,SUPCQIBBMFXVTL-UHFFFAOYSA-N_conf24.xyz,,,,,,
SUPCQIBBMFXVTL-UHFFFAOYSA-N_conf25,SUPCQIBBMFXVTL-UHFFFAOYSA-N,25,15.10344301877652,generated,rdkit,0,4,SUPCQIBBMFXVTL-UHFFFAOYSA-N_conf25.xyz,,,,,,
SUPCQIBBMFXVTL-UHFFFAOYSA-N_conf26,SUPCQIBBMFXVTL-UHFFFAOYSA-N,26,21.06908869867675,generated,rdkit,0,4,SUPCQIBBMFXVTL-UHFFFAOYSA-N_conf26.xyz,,,,,,
SUPCQIBBMFXVTL-UHFFFAOYSA-N_conf27,SUPCQIBBMFXVTL-UHFFFAOYSA-N,27,16.510271882920886,generated,rdkit,0,4,SUPCQIBBMFXVTL-UHFFFAOYSA-N_conf27.xyz,,,,,,
SUPCQIBBMFXVTL-UHFFFAOYSA-N_conf28,SUPCQIBBMFXVTL-UHFFFAOYSA-N,28,22.588202076053626,generated,rdkit,0,4,SUPCQIBBMFXVTL-UHFFFAOYSA-N_conf28.xyz,,,,,,
SUPCQIBBMFXVTL-UHFFFAOYSA-N_conf29,SUPCQIBBMFXVTL-UHFFFAOYSA-N,29,20.34732259333252,generated,rdkit,0,4,SUPCQIBBMFXVTL-UHFFFAOYSA-N_conf29.xyz,,,,,,
SUPCQIBBMFXVTL-UHFFFAOYSA-N_conf30,SUPCQIBBMFXVTL-UHFFFAOYSA-N,30,18.12471293868913,generated,rdkit,0,4,SUPCQIBBMFXVTL-UHFFFAOYSA-N_conf30.xyz,,,,,,
SUPCQIBBMFXVTL-UHFFFAOYSA-N_conf31,SUPCQIBBMFXVTL-UHFFFAOYSA-N,31,13.375193590739638,generated,rdkit,0,4,SUPCQIBBMFXVTL-UHFFFAOYSA-N_conf31.xyz,,,,,,
SUPCQIBBMFXVTL-UHFFFAOYSA-N_conf32,SUPCQIBBMFXVTL-UHFFFAOYSA-N,32,17.03779909655111,generated,rdkit,0,4,SUPCQIBBMFXVTL-UHFFFAOYSA-N_conf32.xyz,,,,,,
SUPCQIBBMFXVTL-UHFFFAOYSA-N_conf33,SUPCQIBBMFXVTL-UHFFFAOYSA-N,33,15.171844135979757,generated,rdkit,0,4,SUPCQIBBMFXVTL-UHFFFAOYSA-N_conf33.xyz,,,,,,
SUPCQIBBMFXVTL-UHFFFAOYSA-N_conf34,SUPCQIBBMFXVTL-UHFFFAOYSA-N,34,13.734266977213093,generated,rdkit,0,4,SUPCQIBBMFXVTL-UHFFFAOYSA-N_conf34.xyz,,,,,,
SUPCQIBBMFXVTL-UHFFFAOYSA-N_conf35,SUPCQIBBMFXVTL-UHFFFAOYSA-N,35,12.953495575971147,generated,rdkit,0,4,SUPCQIBBMFXVTL-UHFFFAOYSA-N_conf35.xyz,,,,,,
SUPCQIBBMFXVTL-UHFFFAOYSA-N_conf36,SUPCQIBBMFXVTL-UHFFFAOYSA-N,36,19.555990993293793,generated,rdkit,0,4,SUPCQIBBMFXVTL-UHFFFAOYSA-N_conf36.xyz,,,,,,
SUPCQIBBMFXVTL-UHFFFAOYSA-N_conf37,SUPCQIBBMFXVTL-UHFFFAOYSA-N,37,24.748900537330996,generated,rdkit,0,4,SUPCQIBBMFXVTL-UHFFFAOYSA-N_conf37.xyz,,,,,,
SUPCQIBBMFXVTL-UHFFFAOYSA-N_conf38,SUPCQIBBMFXVTL-UHFFFAOYSA-N,38,18.090003135066706,generated,rdkit,0,4,SUPCQIBBMFXVTL-UHFFFAOYSA-N_conf38.xyz,,,,,,
SUPCQIBBMFXVTL-UHFFFAOYSA-N_conf39,SUPCQIBBMFXVTL-UHFFFAOYSA-N,39,21.83144815679089,generated,rdkit,0,4,SUPCQIBBMFXVTL-UHFFFAOYSA-N_conf39.xyz,,,,,,
SUPCQIBBMFXVTL-UHFFFAOYSA-N_conf40,SUPCQIBBMFXVTL-UHFFFAOYSA-N,40,18.45838470883782,generated,rdkit,0,4,SUPCQIBBMFXVTL-UHFFFAOYSA-N_conf40.xyz,,,,,,
SUPCQIBBMFXVTL-UHFFFAOYSA-N_conf41,SUPCQIBBMFXVTL-UHFFFAOYSA-N,41,16.05287922224548,generated,rdkit,0,4,SUPCQIBBMFXVTL-UHFFFAOYSA-N_conf41.xyz,,,,,,
SUPCQIBBMFXVTL-UHFFFAOYSA-N_conf42,SUPCQIBBMFXVTL-UHFFFAOYSA-N,42,18.804357262167745,generated,rdkit,0,4,SUPCQIBBMFXVTL-UHFFFAOYSA-N_conf42.xyz,,,,,,
SUPCQIBBMFXVTL-UHFFFAOYSA-N_conf43,SUPCQIBBMFXVTL-UHFFFAOYSA-N,43,15.950849385492686,generated,rdkit,0,4,SUPCQIBBMFXVTL-UHFFFAOYSA-N_conf43.xyz,,,,,,
SUPCQIBBMFXVTL-UHFFFAOYSA-N_conf44,SUPCQIBBMFXVTL-UHFFFAOYSA-N,44,17.269281586960613,generated,rdkit,0,4,SUPCQIBBMFXVTL-UHFFFAOYSA-N_conf44.xyz,,,,,,
SUPCQIBBMFXVTL-UHFFFAOYSA-N_conf45,SUPCQIBBMFXVTL-UHFFFAOYSA-N,45,14.713263356438546,generated,rdkit,0,4,SUPCQIBBMFXVTL-UHFFFAOYSA-N_conf45.xyz,,,,,,
SUPCQIBBMFXVTL-UHFFFAOYSA-N_conf46,SUPCQIBBMFXVTL-UHFFFAOYSA-N,46,13.084049845260452,generated,rdkit,0,4,SUPCQIBBMFXVTL-UHFFFAOYSA-N_conf46.xyz,,,,,,
SUPCQIBBMFXVTL-UHFFFAOYSA-N_conf47,SUPCQIBBMFXVTL-UHFFFAOYSA-N,47,18.271999636584844,generated,rdkit,0,4,SUPCQIBBMFXVTL-UHFFFAOYSA-N_conf47.xyz,,,,,,
SUPCQIBBMFXVTL-UHFFFAOYSA-N_conf48,SUPCQIBBMFXVTL-UHFFFAOYSA-N,48,13.95539985369163,generated,rdkit,0,4,SUPCQIBBMFXVTL-UHFFFAOYSA-N_conf48.xyz,,,,,,
SUPCQIBBMFXVTL-UHFFFAOYSA-N_conf49,SUPCQIBBMFXVTL-UHFFFAOYSA-N,49,18.520545785859618,generated,rdkit,0,4,SUPCQIBBMFXVTL-UHFFFAOYSA-N_conf49.xyz,,,,,,
SUPCQIBBMFXVTL-UHFFFAOYSA-N_conf50,SUPCQIBBMFXVTL-UHFFFAOYSA-N,50,17.33119356371386,generated,rdkit,0,4,SUPCQIBBMFXVTL-UHFFFAOYSA-N_conf50.xyz,,,,,,
SUPCQIBBMFXVTL-UHFFFAOYSA-N_conf51,SUPCQIBBMFXVTL-UHFFFAOYSA-N,51,15.762423299409273,generated,rdkit,0,4,SUPCQIBBMFXVTL-UHFFFAOYSA-N_conf51.xyz,,,,,,
SUPCQIBBMFXVTL-UHFFFAOYSA-N_conf52,SUPCQIBBMFXVTL-UHFFFAOYSA-N,52,16.126595598421527,generated,rdkit,0,4,SUPCQIBBMFXVTL-UHFFFAOYSA-N_conf52.xyz,,,,,,
SUPCQIBBMFXVTL-UHFFFAOYSA-N_conf53,SUPCQIBBMFXVTL-UHFFFAOYSA-N,53,17.59693435603022,generated,rdkit,0,4,SUPCQIBBMFXVTL-UHFFFAOYSA-N_conf53.xyz,,,,,,
SUPCQIBBMFXVTL-UHFFFAOYSA-N_conf54,SUPCQIBBMFXVTL-UHFFFAOYSA-N,54,20.215003582575438,generated,rdkit,0,4,SUPCQIBBMFXVTL-UHFFFAOYSA-N_conf54.xyz,,,,,,
SUPCQIBBMFXVTL-UHFFFAOYSA-N_conf55,SUPCQIBBMFXVTL-UHFFFAOYSA-N,55,17.700264109105277,generated,rdkit,0,4,SUPCQIBBMFXVTL-UHFFFAOYSA-N_conf55.xyz,,,,,,
SUPCQIBBMFXVTL-UHFFFAOYSA-N_conf56,SUPCQIBBMFXVTL-UHFFFAOYSA-N,56,22.942462222598092,generated,rdkit,0,4,SUPCQIBBMFXVTL-UHFFFAOYSA-N_conf56.xyz,,,,,,
SUPCQIBBMFXVTL-UHFFFAOYSA-N_conf57,SUPCQIBBMFXVTL-UHFFFAOYSA-N,57,17.1029881547922,generated,rdkit,0,4,SUPCQIBBMFXVTL-UHFFFAOYSA-N_conf57.xyz,,,,,,
SUPCQIBBMFXVTL-UHFFFAOYSA-N_conf58,SUPCQIBBMFXVTL-UHFFFAOYSA-N,58,16.39246149849307,generated,rdkit,0,4,SUPCQIBBMFXVTL-UHFFFAOYSA-N_conf58.xyz,,,,,,
SUPCQIBBMFXVTL-UHFFFAOYSA-N_conf59,SUPCQIBBMFXVTL-UHFFFAOYSA-N,59,19.549182236299135,generated,rdkit,0,4,SUPCQIBBMFXVTL-UHFFFAOYSA-N_conf59.xyz,,,,,,
SUPCQIBBMFXVTL-UHFFFAOYSA-N_conf60,SUPCQIBBMFXVTL-UHFFFAOYSA-N,60,17.44590804209862,generated,rdkit,0,4,SUPCQIBBMFXVTL-UHFFFAOYSA-N_conf60.xyz,,,,,,
SUPCQIBBMFXVTL-UHFFFAOYSA-N_conf61,SUPCQIBBMFXVTL-UHFFFAOYSA-N,61,19.7798569139679,generated,rdkit,0,4,SUPCQIBBMFXVTL-UHFFFAOYSA-N_conf61.xyz,,,,,,
SUPCQIBBMFXVTL-UHFFFAOYSA-N_conf62,SUPCQIBBMFXVTL-UHFFFAOYSA-N,62,13.117935364968902,generated,rdkit,0,4,SUPCQIBBMFXVTL-UHFFFAOYSA-N_conf62.xyz,,,,,,
SUPCQIBBMFXVTL-UHFFFAOYSA-N_conf63,SUPCQIBBMFXVTL-UHFFFAOYSA-N,63,19.12794280374417,generated,rdkit,0,4,SUPCQIBBMFXVTL-UHFFFAOYSA-N_conf63.xyz,,,,,,
SUPCQIBBMFXVTL-UHFFFAOYSA-N_conf64,SUPCQIBBMFXVTL-UHFFFAOYSA-N,64,17.861709413089365,generated,rdkit,0,4,SUPCQIBBMFXVTL-UHFFFAOYSA-N_conf64.xyz,,,,,,
SUPCQIBBMFXVTL-UHFFFAOYSA-N_conf65,SUPCQIBBMFXVTL-UHFFFAOYSA-N,65,20.563531386306025,generated,rdkit,0,4,SUPCQIBBMFXVTL-UHFFFAOYSA-N_conf65.xyz,,,,,,
SUPCQIBBMFXVTL-UHFFFAOYSA-N_conf66,SUPCQIBBMFXVTL-UHFFFAOYSA-N,66,15.262940295316291,generated,rdkit,0,4,SUPCQIBBMFXVTL-UHFFFAOYSA-N_conf66.xyz,,,,,,
SUPCQIBBMFXVTL-UHFFFAOYSA-N_conf67,SUPCQIBBMFXVTL-UHFFFAOYSA-N,67,12.805089463198996,generated,rdkit,0,4,SUPCQIBBMFXVTL-UHFFFAOYSA-N_conf67.xyz,,,,,,
SUPCQIBBMFXVTL-UHFFFAOYSA-N_conf68,SUPCQIBBMFXVTL-UHFFFAOYSA-N,68,22.643887639993896,generated,rdkit,0,4,SUPCQIBBMFXVTL-UHFFFAOYSA-N_conf68.xyz,,,,,,
SUPCQIBBMFXVTL-UHFFFAOYSA-N_conf69,SUPCQIBBMFXVTL-UHFFFAOYSA-N,69,17.424198211040576,generated,rdkit,0,4,SUPCQIBBMFXVTL-UHFFFAOYSA-N_conf69.xyz,,,,,,
SUPCQIBBMFXVTL-UHFFFAOYSA-N_conf70,SUPCQIBBMFXVTL-UHFFFAOYSA-N,70,16.59531397623697,generated,rdkit,0,4,SUPCQIBBMFXVTL-UHFFFAOYSA-N_conf70.xyz,,,,,,
SUPCQIBBMFXVTL-UHFFFAOYSA-N_conf71,SUPCQIBBMFXVTL-UHFFFAOYSA-N,71,15.20300085943018,generated,rdkit,0,4,SUPCQIBBMFXVTL-UHFFFAOYSA-N_conf71.xyz,,,,,,
SUPCQIBBMFXVTL-UHFFFAOYSA-N_conf72,SUPCQIBBMFXVTL-UHFFFAOYSA-N,72,11.928666006200945,generated,rdkit,0,4,SUPCQIBBMFXVTL-UHFFFAOYSA-N_conf72.xyz,,,,,,
SUPCQIBBMFXVTL-UHFFFAOYSA-N_conf73,SUPCQIBBMFXVTL-UHFFFAOYSA-N,73,24.22163341769993,generated,rdkit,0,4,SUPCQIBBMFXVTL-UHFFFAOYSA-N_conf73.xyz,,,,,,
SUPCQIBBMFXVTL-UHFFFAOYSA-N_conf74,SUPCQIBBMFXVTL-UHFFFAOYSA-N,74,13.079525494938025,generated,rdkit,0,4,SUPCQIBBMFXVTL-UHFFFAOYSA-N_conf74.xyz,,,,,,
SUPCQIBBMFXVTL-UHFFFAOYSA-N_conf75,SUPCQIBBMFXVTL-UHFFFAOYSA-N,75,13.987231519829392,generated,rdkit,0,4,SUPCQIBBMFXVTL-UHFFFAOYSA-N_conf75.xyz,,,,,,
SUPCQIBBMFXVTL-UHFFFAOYSA-N_conf76,SUPCQIBBMFXVTL-UHFFFAOYSA-N,76,21.081690232855852,generated,rdkit,0,4,SUPCQIBBMFXVTL-UHFFFAOYSA-N_conf76.xyz,,,,,,
SUPCQIBBMFXVTL-UHFFFAOYSA-N_conf77,SUPCQIBBMFXVTL-UHFFFAOYSA-N,77,17.456990924531386,generated,rdkit,0,4,SUPCQIBBMFXVTL-UHFFFAOYSA-N_conf77.xyz,,,,,,
SUPCQIBBMFXVTL-UHFFFAOYSA-N_conf78,SUPCQIBBMFXVTL-UHFFFAOYSA-N,78,14.477339172261514,generated,rdkit,0,4,SUPCQIBBMFXVTL-UHFFFAOYSA-N_conf78.xyz,,,,,,
SUPCQIBBMFXVTL-UHFFFAOYSA-N_conf79,SUPCQIBBMFXVTL-UHFFFAOYSA-N,79,17.677815994500026,generated,rdkit,0,4,SUPCQIBBMFXVTL-UHFFFAOYSA-N_conf79.xyz,,,,,,
SUPCQIBBMFXVTL-UHFFFAOYSA-N_conf80,SUPCQIBBMFXVTL-UHFFFAOYSA-N,80,16.913677895231995,generated,rdkit,0,4,SUPCQIBBMFXVTL-UHFFFAOYSA-N_conf80.xyz,,,,,,
SUPCQIBBMFXVTL-UHFFFAOYSA-N_conf81,SUPCQIBBMFXVTL-UHFFFAOYSA-N,81,16.032722762832666,generated,rdkit,0,4,SUPCQIBBMFXVTL-UHFFFAOYSA-N_conf81.xyz,,,,,,
SUPCQIBBMFXVTL-UHFFFAOYSA-N_conf82,SUPCQIBBMFXVTL-UHFFFAOYSA-N,82,14.256477139515356,generated,rdkit,0,4,SUPCQIBBMFXVTL-UHFFFAOYSA-N_conf82.xyz,,,,,,
SUPCQIBBMFXVTL-UHFFFAOYSA-N_conf83,SUPCQIBBMFXVTL-UHFFFAOYSA-N,83,15.523986705366676,generated,rdkit,0,4,SUPCQIBBMFXVTL-UHFFFAOYSA-N_conf83.xyz,,,,,,
SUPCQIBBMFXVTL-UHFFFAOYSA-N_conf84,SUPCQIBBMFXVTL-UHFFFAOYSA-N,84,21.318426858466196,generated,rdkit,0,4,SUPCQIBBMFXVTL-UHFFFAOYSA-N_conf84.xyz,,,,,,
SUPCQIBBMFXVTL-UHFFFAOYSA-N_conf85,SUPCQIBBMFXVTL-UHFFFAOYSA-N,85,17.56278687805228,generated,rdkit,0,4,SUPCQIBBMFXVTL-UHFFFAOYSA-N_conf85.xyz,,,,,,
SUPCQIBBMFXVTL-UHFFFAOYSA-N_conf86,SUPCQIBBMFXVTL-UHFFFAOYSA-N,86,12.080866783887204,generated,rdkit,0,4,SUPCQIBBMFXVTL-UHFFFAOYSA-N_conf86.xyz,,,,,,
SUPCQIBBMFXVTL-UHFFFAOYSA-N_conf87,SUPCQIBBMFXVTL-UHFFFAOYSA-N,87,18.83941251542424,generated,rdkit,0,4,SUPCQIBBMFXVTL-UHFFFAOYSA-N_conf87.xyz,,,,,,
SUPCQIBBMFXVTL-UHFFFAOYSA-N_conf88,SUPCQIBBMFXVTL-UHFFFAOYSA-N,88,18.034330773872302,generated,rdkit,0,4,SUPCQIBBMFXVTL-UHFFFAOYSA-N_conf88.xyz,,,,,,
SUPCQIBBMFXVTL-UHFFFAOYSA-N_conf89,SUPCQIBBMFXVTL-UHFFFAOYSA-N,89,13.228456632257046,generated,rdkit,0,4,SUPCQIBBMFXVTL-UHFFFAOYSA-N_conf89.xyz,,,,,,
SUPCQIBBMFXVTL-UHFFFAOYSA-N_conf90,SUPCQIBBMFXVTL-UHFFFAOYSA-N,90,15.985782079915039,generated,rdkit,0,4,SUPCQIBBMFXVTL-UHFFFAOYSA-N_conf90.xyz,,,,,,
SUPCQIBBMFXVTL-UHFFFAOYSA-N_conf91,SUPCQIBBMFXVTL-UHFFFAOYSA-N,91,17.21062422619478,generated,rdkit,0,4,SUPCQIBBMFXVTL-UHFFFAOYSA-N_conf91.xyz,,,,,,
SUPCQIBBMFXVTL-UHFFFAOYSA-N_conf92,SUPCQIBBMFXVTL-UHFFFAOYSA-N,92,15.42465352007795,generated,rdkit,0,4,SUPCQIBBMFXVTL-UHFFFAOYSA-N_conf92.xyz,,,,,,
SUPCQIBBMFXVTL-UHFFFAOYSA-N_conf93,SUPCQIBBMFXVTL-UHFFFAOYSA-N,93,15.245383796582782,generated,rdkit,0,4,SUPCQIBBMFXVTL-UHFFFAOYSA-N_conf93.xyz,,,,,,
SUPCQIBBMFXVTL-UHFFFAOYSA-N_conf94,SUPCQIBBMFXVTL-UHFFFAOYSA-N,94,14.8185312190081,generated,rdkit,0,4,SUPCQIBBMFXVTL-UHFFFAOYSA-N_conf94.xyz,,,,,,
SUPCQIBBMFXVTL-UHFFFAOYSA-N_conf95,SUPCQIBBMFXVTL-UHFFFAOYSA-N,95,16.178655893289836,generated,rdkit,0,4,SUPCQIBBMFXVTL-UHFFFAOYSA-N_conf95.xyz,,,,,,
SUPCQIBBMFXVTL-UHFFFAOYSA-N_conf96,SUPCQIBBMFXVTL-UHFFFAOYSA-N,96,18.724885130839724,generated,rdkit,0,4,SUPCQIBBMFXVTL-UHFFFAOYSA-N_conf96.xyz,,,,,,
SUPCQIBBMFXVTL-UHFFFAOYSA-N_conf97,SUPCQIBBMFXVTL-UHFFFAOYSA-N,97,16.84079251069998,generated,rdkit,0,4,SUPCQIBBMFXVTL-UHFFFAOYSA-N_conf97.xyz,,,,,,
SUPCQIBBMFXVTL-UHFFFAOYSA-N_conf98,SUPCQIBBMFXVTL-UHFFFAOYSA-N,98,14.168951499508594,generated,rdkit,0,4,SUPCQIBBMFXVTL-UHFFFAOYSA-N_conf98.xyz,,,,,,
SUPCQIBBMFXVTL-UHFFFAOYSA-N_conf99,SUPCQIBBMFXVTL-UHFFFAOYSA-N,99,18.168367520221686,generated,rdkit,0,4,SUPCQIBBMFXVTL-UHFFFAOYSA-N_conf99.xyz,,,,,,
BAPJBEWLBFYGME-UHFFFAOYSA-N_conf0,BAPJBEWLBFYGME-UHFFFAOYSA-N,0,11.18584120659095,generated,rdkit,0,2,BAPJBEWLBFYGME-UHFFFAOYSA-N_conf0.xyz,,,,,,
BAPJBEWLBFYGME-UHFFFAOYSA-N_conf1,BAPJBEWLBFYGME-UHFFFAOYSA-N,1,14.13943847079954,generated,rdkit,0,2,BAPJBEWLBFYGME-UHFFFAOYSA-N_conf1.xyz,,,,,,
BAPJBEWLBFYGME-UHFFFAOYSA-N_conf2,BAPJBEWLBFYGME-UHFFFAOYSA-N,2,8.87542066415686,generated,rdkit,0,2,BAPJBEWLBFYGME-UHFFFAOYSA-N_conf2.xyz,,,,,,
BAPJBEWLBFYGME-UHFFFAOYSA-N_conf3,BAPJBEWLBFYGME-UHFFFAOYSA-N,3,9.52735892991264,generated,rdkit,0,2,BAPJBEWLBFYGME-UHFFFAOYSA-N_conf3.xyz,,,,,,
BAPJBEWLBFYGME-UHFFFAOYSA-N_conf4,BAPJBEWLBFYGME-UHFFFAOYSA-N,4,11.60739147229611,generated,rdkit,0,2,BAPJBEWLBFYGME-UHFFFAOYSA-N_conf4.xyz,,,,,,
BAPJBEWLBFYGME-UHFFFAOYSA-N_conf5,BAPJBEWLBFYGME-UHFFFAOYSA-N,5,12.19104869430846,generated,rdkit,0,2,BAPJBEWLBFYGME-UHFFFAOYSA-N_conf5.xyz,,,,,,
BAPJBEWLBFYGME-UHFFFAOYSA-N_conf6,BAPJBEWLBFYGME-UHFFFAOYSA-N,6,13.79436814381225,generated,rdkit,0,2,BAPJBEWLBFYGME-UHFFFAOYSA-N_conf6.xyz,,,,,,
BAPJBEWLBFYGME-UHFFFAOYSA-N_conf7,BAPJBEWLBFYGME-UHFFFAOYSA-N,7,15.697915492433308,generated,rdkit,0,2,BAPJBEWLBFYGME-UHFFFAOYSA-N_conf7.xyz,,,,,,
BAPJBEWLBFYGME-UHFFFAOYSA-N_conf8,BAPJBEWLBFYGME-UHFFFAOYSA-N,8,7.9590873537541444,generated,rdkit,0,2,BAPJBEWLBFYGME-UHFFFAOYSA-N_conf8.xyz,,,,,,
BAPJBEWLBFYGME-UHFFFAOYSA-N_conf9,BAPJBEWLBFYGME-UHFFFAOYSA-N,9,8.475961834298564,generated,rdkit,0,2,BAPJBEWLBFYGME-UHFFFAOYSA-N_conf9.xyz,,,,,,
BAPJBEWLBFYGME-UHFFFAOYSA-N_conf10,BAPJBEWLBFYGME-UHFFFAOYSA-N,10,8.343789524621311,generated,rdkit,0,2,BAPJBEWLBFYGME-UHFFFAOYSA-N_conf10.xyz,,,,,,
BAPJBEWLBFYGME-UHFFFAOYSA-N_conf11,BAPJBEWLBFYGME-UHFFFAOYSA-N,11,13.010917684828131,generated,rdkit,0,2,BAPJBEWLBFYGME-UHFFFAOYSA-N_conf11.xyz,,,,,,
BAPJBEWLBFYGME-UHFFFAOYSA-N_conf12,BAPJBEWLBFYGME-UHFFFAOYSA-N,12,11.815801561033338,generated,rdkit,0,2,BAPJBEWLBFYGME-UHFFFAOYSA-N_conf12.xyz,,,,,,
BAPJBEWLBFYGME-UHFFFAOYSA-N_conf13,BAPJBEWLBFYGME-UHFFFAOYSA-N,13,9.826854835138365,generated,rdkit,0,2,BAPJBEWLBFYGME-UHFFFAOYSA-N_conf13.xyz,,,,,,
BAPJBEWLBFYGME-UHFFFAOYSA-N_conf14,BAPJBEWLBFYGME-UHFFFAOYSA-N,14,11.140674716752974,generated,rdkit,0,2,BAPJBEWLBFYGME-UHFFFAOYSA-N_conf14.xyz,,,,,,
BAPJBEWLBFYGME-UHFFFAOYSA-N_conf15,BAPJBEWLBFYGME-UHFFFAOYSA-N,15,8.504503206869328,generated,rdkit,0,2,BAPJBEWLBFYGME-UHFFFAOYSA-N_conf15.xyz,,,,,,
BAPJBEWLBFYGME-UHFFFAOYSA-N_conf16,BAPJBEWLBFYGME-UHFFFAOYSA-N,16,7.527478115276007,generated,rdkit,0,2,BAPJBEWLBFYGME-UHFFFAOYSA-N_conf16.xyz,,,,,,
BAPJBEWLBFYGME-UHFFFAOYSA-N_conf17,BAPJBEWLBFYGME-UHFFFAOYSA-N,17,10.193682262644748,generated,rdkit,0,2,BAPJBEWLBFYGME-UHFFFAOYSA-N_conf17.xyz,,,,,,
BAPJBEWLBFYGME-UHFFFAOYSA-N_conf18,BAPJBEWLBFYGME-UHFFFAOYSA-N,18,9.811772538009476,generated,rdkit,0,2,BAPJBEWLBFYGME-UHFFFAOYSA-N_conf18.xyz,,,,,,
BAPJBEWLBFYGME-UHFFFAOYSA-N_conf19,BAPJBEWLBFYGME-UHFFFAOYSA-N,19,7.742059493120028,generated,rdkit,0,2,BAPJBEWLBFYGME-UHFFFAOYSA-N_conf19.xyz,,,,,,
BAPJBEWLBFYGME-UHFFFAOYSA-N_conf20,BAPJBEWLBFYGME-UHFFFAOYSA-N,20,9.665343692974647,generated,rdkit,0,2,BAPJBEWLBFYGME-UHFFFAOYSA-N_conf20.xyz,,,,,,
BAPJBEWLBFYGME-UHFFFAOYSA-N_conf21,BAPJBEWLBFYGME-UHFFFAOYSA-N,21,7.198558055444803,generated,rdkit,0,2,BAPJBEWLBFYGME-UHFFFAOYSA-N_conf21.xyz,,,,,,
BAPJBEWLBFYGME-UHFFFAOYSA-N_conf22,BAPJBEWLBFYGME-UHFFFAOYSA-N,22,14.769432371071888,generated,rdkit,0,2,BAPJBEWLBFYGME-UHFFFAOYSA-N_conf22.xyz,,,,,,
BAPJBEWLBFYGME-UHFFFAOYSA-N_conf23,BAPJBEWLBFYGME-UHFFFAOYSA-N,23,8.078273719218116,generated,rdkit,0,2,BAPJBEWLBFYGME-UHFFFAOYSA-N_conf23.xyz,,,,,,
BAPJBEWLBFYGME-UHFFFAOYSA-N_conf24,BAPJBEWLBFYGME-UHFFFAOYSA-N,24,9.185543897919798,generated,rdkit,0,2,BAPJBEWLBFYGME-UHFFFAOYSA-N_conf24.xyz,,,,,,
BAPJBEWLBFYGME-UHFFFAOYSA-N_conf25,BAPJBEWLBFYGME-UHFFFAOYSA-N,25,10.957378762847801,generated,rdkit,0,2,BAPJBEWLBFYGME-UHFFFAOYSA-N_conf25.xyz,,,,,,
BAPJBEWLBFYGME-UHFFFAOYSA-N_conf26,BAPJBEWLBFYGME-UHFFFAOYSA-N,26,8.729551436170844,generated,rdkit,0,2,BAPJBEWLBFYGME-UHFFFAOYSA-N_conf26.xyz,,,,,,
BAPJBEWLBFYGME-UHFFFAOYSA-N_conf27,BAPJBEWLBFYGME-UHFFFAOYSA-N,27,12.599224985875743,generated,rdkit,0,2,BAPJBEWLBFYGME-UHFFFAOYSA-N_conf27.xyz,,,,,,
BAPJBEWLBFYGME-UHFFFAOYSA-N_conf28,BAPJBEWLBFYGME-UHFFFAOYSA-N,28,10.573969523150852,generated,rdkit,0,2,BAPJBEWLBFYGME-UHFFFAOYSA-N_conf28.xyz,,,,,,
BAPJBEWLBFYGME-UHFFFAOYSA-N_conf29,BAPJBEWLBFYGME-UHFFFAOYSA-N,29,6.028252024216911,generated,rdkit,0,2,BAPJBEWLBFYGME-UHFFFAOYSA-N_conf29.xyz,,,,,,
BAPJBEWLBFYGME-UHFFFAOYSA-N_conf30,BAPJBEWLBFYGME-UHFFFAOYSA-N,30,8.207825863555138,generated,rdkit,0,2,BAPJBEWLBFYGME-UHFFFAOYSA-N_conf30.xyz,,,,,,
BAPJBEWLBFYGME-UHFFFAOYSA-N_conf31,BAPJBEWLBFYGME-UHFFFAOYSA-N,31,10.160493934976987,generated,rdkit,0,2,BAPJBEWLBFYGME-UHFFFAOYSA-N_conf31.xyz,,,,,,
BAPJBEWLBFYGME-UHFFFAOYSA-N_conf32,BAPJBEWLBFYGME-UHFFFAOYSA-N,32,8.919515527996634,generated,rdkit,0,2,BAPJBEWLBFYGME-UHFFFAOYSA-N_conf32.xyz,,,,,,
BAPJBEWLBFYGME-UHFFFAOYSA-N_conf33,BAPJBEWLBFYGME-UHFFFAOYSA-N,33,9.114969455323727,generated,rdkit,0,2,BAPJBEWLBFYGME-UHFFFAOYSA-N_conf33.xyz,,,,,,
BAPJBEWLBFYGME-UHFFFAOYSA-N_conf34,BAPJBEWLBFYGME-UHFFFAOYSA-N,34,14.166996256345692,generated,rdkit,0,2,BAPJBEWLBFYGME-UHFFFAOYSA-N_conf34.xyz,,,,,,
BAPJBEWLBFYGME-UHFFFAOYSA-N_conf35,BAPJBEWLBFYGME-UHFFFAOYSA-N,35,7.508160517053896,generated,rdkit,0,2,BAPJBEWLBFYGME-UHFFFAOYSA-N_conf35.xyz,,,,,,
BAPJBEWLBFYGME-UHFFFAOYSA-N_conf36,BAPJBEWLBFYGME-UHFFFAOYSA-N,36,8.966850297287953,generated,rdkit,0,2,BAPJBEWLBFYGME-UHFFFAOYSA-N_conf36.xyz,,,,,,
BAPJBEWLBFYGME-UHFFFAOYSA-N_conf37,BAPJBEWLBFYGME-UHFFFAOYSA-N,37,13.171049642828093,generated,rdkit,0,2,BAPJBEWLBFYGME-UHFFFAOYSA-N_conf37.xyz,,,,,,
BAPJBEWLBFYGME-UHFFFAOYSA-N_conf38,BAPJBEWLBFYGME-UHFFFAOYSA-N,38,11.975691417162546,generated,rdkit,0,2,BAPJBEWLBFYGME-UHFFFAOYSA-N_conf38.xyz,,,,,,
BAPJBEWLBFYGME-UHFFFAOYSA-N_conf39,BAPJBEWLBFYGME-UHFFFAOYSA-N,39,12.04207971652027,generated,rdkit,0,2,BAPJBEWLBFYGME-UHFFFAOYSA-N_conf39.xyz,,,,,,
BAPJBEWLBFYGME-UHFFFAOYSA-N_conf40,BAPJBEWLBFYGME-UHFFFAOYSA-N,40,8.200231539538123,generated,rdkit,0,2,BAPJBEWLBFYGME-UHFFFAOYSA-N_conf40.xyz,,,,,,
BAPJBEWLBFYGME-UHFFFAOYSA-N_conf41,BAPJBEWLBFYGME-UHFFFAOYSA-N,41,9.178353272905584,generated,rdkit,0,2,BAPJBEWLBFYGME-UHFFFAOYSA-N_conf41.xyz,,,,,,
BAPJBEWLBFYGME-UHFFFAOYSA-N_conf42,BAPJBEWLBFYGME-UHFFFAOYSA-N,42,11.557333807434123,generated,rdkit,0,2,BAPJBEWLBFYGME-UHFFFAOYSA-N_conf42.xyz,,,,,,
BAPJBEWLBFYGME-UHFFFAOYSA-N_conf43,BAPJBEWLBFYGME-UHFFFAOYSA-N,43,8.78084716224417,generated,rdkit,0,2,BAPJBEWLBFYGME-UHFFFAOYSA-N_conf43.xyz,,,,,,
BAPJBEWLBFYGME-UHFFFAOYSA-N_conf44,BAPJBEWLBFYGME-UHFFFAOYSA-N,44,6.60767423853353,generated,rdkit,0,2,BAPJBEWLBFYGME-UHFFFAOYSA-N_conf44.xyz,,,,,,
BAPJBEWLBFYGME-UHFFFAOYSA-N_conf45,BAPJBEWLBFYGME-UHFFFAOYSA-N,45,9.341201092981938,generated,rdkit,0,2,BAPJBEWLBFYGME-UHFFFAOYSA-N_conf45.xyz,,,,,,
BAPJBEWLBFYGME-UHFFFAOYSA-N_conf46,BAPJBEWLBFYGME-UHFFFAOYSA-N,46,10.59544968609442,generated,rdkit,0,2,BAPJBEWLBFYGME-UHFFFAOYSA-N_conf46.xyz,,,,,,
BAPJBEWLBFYGME-UHFFFAOYSA-N_conf47,BAPJBEWLBFYGME-UHFFFAOYSA-N,47,14.058563652897305,generated,rdkit,0,2,BAPJBEWLBFYGME-UHFFFAOYSA-N_conf47.xyz,,,,,,
BAPJBEWLBFYGME-UHFFFAOYSA-N_conf48,BAPJBEWLBFYGME-UHFFFAOYSA-N,48,10.554819229370535,generated,rdkit,0,2,BAPJBEWLBFYGME-UHFFFAOYSA-N_conf48.xyz,,,,,,
BAPJBEWLBFYGME-UHFFFAOYSA-N_conf49,BAPJBEWLBFYGME-UHFFFAOYSA-N,49,10.173281505566846,generated,rdkit,0,2,BAPJBEWLBFYGME-UHFFFAOYSA-N_conf49.xyz,,,,,,
BAPJBEWLBFYGME-UHFFFAOYSA-N_conf50,BAPJBEWLBFYGME-UHFFFAOYSA-N,50,9.247939858432513,generated,rdkit,0,2,BAPJBEWLBFYGME-UHFFFAOYSA-N_conf50.xyz,,,,,,
BAPJBEWLBFYGME-UHFFFAOYSA-N_conf51,BAPJBEWLBFYGME-UHFFFAOYSA-N,51,8.793917143122808,generated,rdkit,0,2,BAPJBEWLBFYGME-UHFFFAOYSA-N_conf51.xyz,,,,,,
BAPJBEWLBFYGME-UHFFFAOYSA-N_conf52,BAPJBEWLBFYGME-UHFFFAOYSA-N,52,12.579167382570851,generated,rdkit,0,2,BAPJBEWLBFYGME-UHFFFAOYSA-N_conf52.xyz,,,,,,
BAPJBEWLBFYGME-UHFFFAOYSA-N_conf53,BAPJBEWLBFYGME-UHFFFAOYSA-N,53,6.682544017559372,generated,rdkit,0,2,BAPJBEWLBFYGME-UHFFFAOYSA-N_conf53.xyz,,,,,,
BAPJBEWLBFYGME-UHFFFAOYSA-N_conf54,BAPJBEWLBFYGME-UHFFFAOYSA-N,54,6.049706086392751,generated,rdkit,0,2,BAPJBEWLBFYGME-UHFFFAOYSA-N_conf54.xyz,,,,,,
BAPJBEWLBFYGME-UHFFFAOYSA-N_conf55,BAPJBEWLBFYGME-UHFFFAOYSA-N,55,9.964763702866447,generated,rdkit,0,2,BAPJBEWLBFYGME-UHFFFAOYSA-N_conf55.xyz,,,,,,
BAPJBEWLBFYGME-UHFFFAOYSA-N_conf56,BAPJBEWLBFYGME-UHFFFAOYSA-N,56,5.146753443047107,generated,rdkit,0,2,BAPJBEWLBFYGME-UHFFFAOYSA-N_conf56.xyz,,,,,,
BAPJBEWLBFYGME-UHFFFAOYSA-N_conf57,BAPJBEWLBFYGME-UHFFFAOYSA-N,57,9.374997365596332,generated,rdkit,0,2,BAPJBEWLBFYGME-UHFFFAOYSA-N_conf57.xyz,,,,,,
BAPJBEWLBFYGME-UHFFFAOYSA-N_conf58,BAPJBEWLBFYGME-UHFFFAOYSA-N,58,11.241819762148763,generated,rdkit,0,2,BAPJBEWLBFYGME-UHFFFAOYSA-N_conf58.xyz,,,,,,
BAPJBEWLBFYGME-UHFFFAOYSA-N_conf59,BAPJBEWLBFYGME-UHFFFAOYSA-N,59,12.892482181648303,generated,rdkit,0,2,BAPJBEWLBFYGME-UHFFFAOYSA-N_conf59.xyz,,,,,,
BAPJBEWLBFYGME-UHFFFAOYSA-N_conf60,BAPJBEWLBFYGME-UHFFFAOYSA-N,60,10.930636491766078,generated,rdkit,0,2,BAPJBEWLBFYGME-UHFFFAOYSA-N_conf60.xyz,,,,,,
BAPJBEWLBFYGME-UHFFFAOYSA-N_conf61,BAPJBEWLBFYGME-UHFFFAOYSA-N,61,11.889530011233159,generated,rdkit,0,2,BAPJBEWLBFYGME-UHFFFAOYSA-N_conf61.xyz,,,,,,
BAPJBEWLBFYGME-UHFFFAOYSA-N_conf62,BAPJBEWLBFYGME-UHFFFAOYSA-N,62,7.01829562599338,generated,rdkit,0,2,BAPJBEWLBFYGME-UHFFFAOYSA-N_conf62.xyz,,,,,,
BAPJBEWLBFYGME-UHFFFAOYSA-N_conf63,BAPJBEWLBFYGME-UHFFFAOYSA-N,63,10.21960778016161,generated,rdkit,0,2,BAPJBEWLBFYGME-UHFFFAOYSA-N_conf63.xyz,,,,,,
BAPJBEWLBFYGME-UHFFFAOYSA-N_conf64,BAPJBEWLBFYGME-UHFFFAOYSA-N,64,11.14284301404316,generated,rdkit,0,2,BAPJBEWLBFYGME-UHFFFAOYSA-N_conf64.xyz,,,,,,
BAPJBEWLBFYGME-UHFFFAOYSA-N_conf65,BAPJBEWLBFYGME-UHFFFAOYSA-N,65,9.3591634565705,generated,rdkit,0,2,BAPJBEWLBFYGME-UHFFFAOYSA-N_conf65.xyz,,,,,,
BAPJBEWLBFYGME-UHFFFAOYSA-N_conf66,BAPJBEWLBFYGME-UHFFFAOYSA-N,66,9.307267561841352,generated,rdkit,0,2,BAPJBEWLBFYGME-UHFFFAOYSA-N_conf66.xyz,,,,,,
BAPJBEWLBFYGME-UHFFFAOYSA-N_conf67,BAPJBEWLBFYGME-UHFFFAOYSA-N,67,7.720872454780777,generated,rdkit,0,2,BAPJBEWLBFYGME-UHFFFAOYSA-N_conf67.xyz,,,,,,
BAPJBEWLBFYGME-UHFFFAOYSA-N_conf68,BAPJBEWLBFYGME-UHFFFAOYSA-N,68,10.765690637781857,generated,rdkit,0,2,BAPJBEWLBFYGME-UHFFFAOYSA-N_conf68.xyz,,,,,,
BAPJBEWLBFYGME-UHFFFAOYSA-N_conf69,BAPJBEWLBFYGME-UHFFFAOYSA-N,69,12.161184316804125,generated,rdkit,0,2,BAPJBEWLBFYGME-UHFFFAOYSA-N_conf69.xyz,,,,,,
BAPJBEWLBFYGME-UHFFFAOYSA-N_conf70,BAPJBEWLBFYGME-UHFFFAOYSA-N,70,5.948684633560887,generated,rdkit,0,2,BAPJBEWLBFYGME-UHFFFAOYSA-N_conf70.xyz,,,,,,
BAPJBEWLBFYGME-UHFFFAOYSA-N_conf71,BAPJBEWLBFYGME-UHFFFAOYSA-N,71,11.291090729030637,generated,rdkit,0,2,BAPJBEWLBFYGME-UHFFFAOYSA-N_conf71.xyz,,,,,,
BAPJBEWLBFYGME-UHFFFAOYSA-N_conf72,BAPJBEWLBFYGME-UHFFFAOYSA-N,72,9.57510094343152,generated,rdkit,0,2,BAPJBEWLBFYGME-UHFFFAOYSA-N_conf72.xyz,,,,,,
BAPJBEWLBFYGME-UHFFFAOYSA-N_conf73,BAPJBEWLBFYGME-UHFFFAOYSA-N,73,7.788613235540606,generated,rdkit,0,2,BAPJBEWLBFYGME-UHFFFAOYSA-N_conf73.xyz,,,,,,
BAPJBEWLBFYGME-UHFFFAOYSA-N_conf74,BAPJBEWLBFYGME-UHFFFAOYSA-N,74,7.491675580891563,generated,rdkit,0,2,BAPJBEWLBFYGME-UHFFFAOYSA-N_conf74.xyz,,,,,,
BAPJBEWLBFYGME-UHFFFAOYSA-N_conf75,BAPJBEWLBFYGME-UHFFFAOYSA-N,75,6.1164273967574285,generated,rdkit,0,2,BAPJBEWLBFYGME-UHFFFAOYSA-N_conf75.xyz,,,,,,
BAPJBEWLBFYGME-UHFFFAOYSA-N_conf76,BAPJBEWLBFYGME-UHFFFAOYSA-N,76,16.33551818636029,generated,rdkit,0,2,BAPJBEWLBFYGME-UHFFFAOYSA-N_conf76.xyz,,,,,,
BAPJBEWLBFYGME-UHFFFAOYSA-N_conf77,BAPJBEWLBFYGME-UHFFFAOYSA-N,77,11.715892528313638,generated,rdkit,0,2,BAPJBEWLBFYGME-UHFFFAOYSA-N_conf77.xyz,,,,,,
BAPJBEWLBFYGME-UHFFFAOYSA-N_conf78,BAPJBEWLBFYGME-UHFFFAOYSA-N,78,8.904372389643832,generated,rdkit,0,2,BAPJBEWLBFYGME-UHFFFAOYSA-N_conf78.xyz,,,,,,
BAPJBEWLBFYGME-UHFFFAOYSA-N_conf79,BAPJBEWLBFYGME-UHFFFAOYSA-N,79,10.655950682219583,generated,rdkit,0,2,BAPJBEWLBFYGME-UHFFFAOYSA-N_conf79.xyz,,,,,,
BAPJBEWLBFYGME-UHFFFAOYSA-N_conf80,BAPJBEWLBFYGME-UHFFFAOYSA-N,80,10.593571742680155,generated,rdkit,0,2,BAPJBEWLBFYGME-UHFFFAOYSA-N_conf80.xyz,,,,,,
BAPJBEWLBFYGME-UHFFFAOYSA-N_conf81,BAPJBEWLBFYGME-UHFFFAOYSA-N,81,8.932725134041364,generated,rdkit,0,2,BAPJBEWLBFYGME-UHFFFAOYSA-N_conf81.xyz,,,,,,
BAPJBEWLBFYGME-UHFFFAOYSA-N_conf82,BAPJBEWLBFYGME-UHFFFAOYSA-N,82,12.155658239186101,generated,rdkit,0,2,BAPJBEWLBFYGME-UHFFFAOYSA-N_conf82.xyz,,,,,,
BAPJBEWLBFYGME-UHFFFAOYSA-N_conf83,BAPJBEWLBFYGME-UHFFFAOYSA-N,83,10.660661431394079,generated,rdkit,0,2,BAPJBEWLBFYGME-UHFFFAOYSA-N_conf83.xyz,,,,,,
BAPJBEWLBFYGME-UHFFFAOYSA-N_conf84,BAPJBEWLBFYGME-UHFFFAOYSA-N,84,16.01825006589513,generated,rdkit,0,2,BAPJBEWLBFYGME-UHFFFAOYSA-N_conf84.xyz,,,,,,
BAPJBEWLBFYGME-UHFFFAOYSA-N_conf85,BAPJBEWLBFYGME-UHFFFAOYSA-N,85,16.665285156852107,generated,rdkit,0,2,BAPJBEWLBFYGME-UHFFFAOYSA-N_conf85.xyz,,,,,,
BAPJBEWLBFYGME-UHFFFAOYSA-N_conf86,BAPJBEWLBFYGME-UHFFFAOYSA-N,86,6.969353806705465,generated,rdkit,0,2,BAPJBEWLBFYGME-UHFFFAOYSA-N_conf86.xyz,,,,,,
BAPJBEWLBFYGME-UHFFFAOYSA-N_conf87,BAPJBEWLBFYGME-UHFFFAOYSA-N,87,7.1355325232910305,generated,rdkit,0,2,BAPJBEWLBFYGME-UHFFFAOYSA-N_conf87.xyz,,,,,,
BAPJBEWLBFYGME-UHFFFAOYSA-N_conf88,BAPJBEWLBFYGME-UHFFFAOYSA-N,88,13.737862683072457,generated,rdkit,0,2,BAPJBEWLBFYGME-UHFFFAOYSA-N_conf88.xyz,,,,,,
BAPJBEWLBFYGME-UHFFFAOYSA-N_conf89,BAPJBEWLBFYGME-UHFFFAOYSA-N,89,12.303266667476777,generated,rdkit,0,2,BAPJBEWLBFYGME-UHFFFAOYSA-N_conf89.xyz,,,,,,
BAPJBEWLBFYGME-UHFFFAOYSA-N_conf90,BAPJBEWLBFYGME-UHFFFAOYSA-N,90,7.028792202626395,generated,rdkit,0,2,BAPJBEWLBFYGME-UHFFFAOYSA-N_conf90.xyz,,,,,,
BAPJBEWLBFYGME-UHFFFAOYSA-N_conf91,BAPJBEWLBFYGME-UHFFFAOYSA-N,91,12.231313776873442,generated,rdkit,0,2,BAPJBEWLBFYGME-UHFFFAOYSA-N_conf91.xyz,,,,,,
BAPJBEWLBFYGME-UHFFFAOYSA-N_conf92,BAPJBEWLBFYGME-UHFFFAOYSA-N,92,8.916023957470397,generated,rdkit,0,2,BAPJBEWLBFYGME-UHFFFAOYSA-N_conf92.xyz,,,,,,
BAPJBEWLBFYGME-UHFFFAOYSA-N_conf93,BAPJBEWLBFYGME-UHFFFAOYSA-N,93,10.41713581260202,generated,rdkit,0,2,BAPJBEWLBFYGME-UHFFFAOYSA-N_conf93.xyz,,,,,,
BAPJBEWLBFYGME-UHFFFAOYSA-N_conf94,BAPJBEWLBFYGME-UHFFFAOYSA-N,94,13.360620724039448,generated,rdkit,0,2,BAPJBEWLBFYGME-UHFFFAOYSA-N_conf94.xyz,,,,,,
BAPJBEWLBFYGME-UHFFFAOYSA-N_conf95,BAPJBEWLBFYGME-UHFFFAOYSA-N,95,9.299375152222845,generated,rdkit,0,2,BAPJBEWLBFYGME-UHFFFAOYSA-N_conf95.xyz,,,,,,
BAPJBEWLBFYGME-UHFFFAOYSA-N_conf96,BAPJBEWLBFYGME-UHFFFAOYSA-N,96,8.43410621343537,generated,rdkit,0,2,BAPJBEWLBFYGME-UHFFFAOYSA-N_conf96.xyz,,,,,,
BAPJBEWLBFYGME-UHFFFAOYSA-N_conf97,BAPJBEWLBFYGME-UHFFFAOYSA-N,97,15.42498146776495,generated,rdkit,0,2,BAPJBEWLBFYGME-UHFFFAOYSA-N_conf97.xyz,,,,,,
BAPJBEWLBFYGME-UHFFFAOYSA-N_conf98,BAPJBEWLBFYGME-UHFFFAOYSA-N,98,9.892159962361712,generated,rdkit,0,2,BAPJBEWLBFYGME-UHFFFAOYSA-N_conf98.xyz,,,,,,
BAPJBEWLBFYGME-UHFFFAOYSA-N_conf99,BAPJBEWLBFYGME-UHFFFAOYSA-N,99,7.93650199759192,generated,rdkit,0,2,BAPJBEWLBFYGME-UHFFFAOYSA-N_conf99.xyz,,,,,,
JIGUQPWFLRLWPJ-UHFFFAOYSA-N_conf0,JIGUQPWFLRLWPJ-UHFFFAOYSA-N,0,10.828976578937324,generated,rdkit,0,3,JIGUQPWFLRLWPJ-UHFFFAOYSA-N_conf0.xyz,,,,,,
JIGUQPWFLRLWPJ-UHFFFAOYSA-N_conf1,JIGUQPWFLRLWPJ-UHFFFAOYSA-N,1,21.380000113790924,generated,rdkit,0,3,JIGUQPWFLRLWPJ-UHFFFAOYSA-N_conf1.xyz,,,,,,
JIGUQPWFLRLWPJ-UHFFFAOYSA-N_conf2,JIGUQPWFLRLWPJ-UHFFFAOYSA-N,2,20.84466891782125,generated,rdkit,0,3,JIGUQPWFLRLWPJ-UHFFFAOYSA-N_conf2.xyz,,,,,,
JIGUQPWFLRLWPJ-UHFFFAOYSA-N_conf3,JIGUQPWFLRLWPJ-UHFFFAOYSA-N,3,10.76470376112352,generated,rdkit,0,3,JIGUQPWFLRLWPJ-UHFFFAOYSA-N_conf3.xyz,,,,,,
JIGUQPWFLRLWPJ-UHFFFAOYSA-N_conf4,JIGUQPWFLRLWPJ-UHFFFAOYSA-N,4,13.732672534013064,generated,rdkit,0,3,JIGUQPWFLRLWPJ-UHFFFAOYSA-N_conf4.xyz,,,,,,
JIGUQPWFLRLWPJ-UHFFFAOYSA-N_conf5,JIGUQPWFLRLWPJ-UHFFFAOYSA-N,5,20.196525168678303,generated,rdkit,0,3,JIGUQPWFLRLWPJ-UHFFFAOYSA-N_conf5.xyz,,,,,,
JIGUQPWFLRLWPJ-UHFFFAOYSA-N_conf6,JIGUQPWFLRLWPJ-UHFFFAOYSA-N,6,11.541435645329786,generated,rdkit,0,3,JIGUQPWFLRLWPJ-UHFFFAOYSA-N_conf6.xyz,,,,,,
JIGUQPWFLRLWPJ-UHFFFAOYSA-N_conf7,JIGUQPWFLRLWPJ-UHFFFAOYSA-N,7,12.280780262599,generated,rdkit,0,3,JIGUQPWFLRLWPJ-UHFFFAOYSA-N_conf7.xyz,,,,,,
JIGUQPWFLRLWPJ-UHFFFAOYSA-N_conf8,JIGUQPWFLRLWPJ-UHFFFAOYSA-N,8,9.965272358098098,generated,rdkit,0,3,JIGUQPWFLRLWPJ-UHFFFAOYSA-N_conf8.xyz,,,,,,
JIGUQPWFLRLWPJ-UHFFFAOYSA-N_conf9,JIGUQPWFLRLWPJ-UHFFFAOYSA-N,9,11.698470727713177,generated,rdkit,0,3,JIGUQPWFLRLWPJ-UHFFFAOYSA-N_conf9.xyz,,,,,,
JIGUQPWFLRLWPJ-UHFFFAOYSA-N_conf10,JIGUQPWFLRLWPJ-UHFFFAOYSA-N,10,12.695622161304449,generated,rdkit,0,3,JIGUQPWFLRLWPJ-UHFFFAOYSA-N_conf10.xyz,,,,,,
JIGUQPWFLRLWPJ-UHFFFAOYSA-N_conf11,JIGUQPWFLRLWPJ-UHFFFAOYSA-N,11,9.569332206796046,generated,rdkit,0,3,JIGUQPWFLRLWPJ-UHFFFAOYSA-N_conf11.xyz,,,,,,
JIGUQPWFLRLWPJ-UHFFFAOYSA-N_conf12,JIGUQPWFLRLWPJ-UHFFFAOYSA-N,12,14.227417705331614,generated,rdkit,0,3,JIGUQPWFLRLWPJ-UHFFFAOYSA-N_conf12.xyz,,,,,,
JIGUQPWFLRLWPJ-UHFFFAOYSA-N_conf13,JIGUQPWFLRLWPJ-UHFFFAOYSA-N,13,16.079907019118156,generated,rdkit,0,3,JIGUQPWFLRLWPJ-UHFFFAOYSA-N_conf13.xyz,,,,,,
JIGUQPWFLRLWPJ-UHFFFAOYSA-N_conf14,JIGUQPWFLRLWPJ-UHFFFAOYSA-N,14,21.224407216760255,generated,rdkit,0,3,JIGUQPWFLRLWPJ-UHFFFAOYSA-N_conf14.xyz,,,,,,
JIGUQPWFLRLWPJ-UHFFFAOYSA-N_conf15,JIGUQPWFLRLWPJ-UHFFFAOYSA-N,15,11.040452141630897,generated,rdkit,0,3,JIGUQPWFLRLWPJ-UHFFFAOYSA-N_conf15.xyz,,,,,,
JIGUQPWFLRLWPJ-UHFFFAOYSA-N_conf16,JIGUQPWFLRLWPJ-UHFFFAOYSA-N,16,17.802088063538143,generated,rdkit,0,3,JIGUQPWFLRLWPJ-UHFFFAOYSA-N_conf16.xyz,,,,,,
JIGUQPWFLRLWPJ-UHFFFAOYSA-N_conf17,JIGUQPWFLRLWPJ-UHFFFAOYSA-N,17,10.994936558312457,generated,rdkit,0,3,JIGUQPWFLRLWPJ-UHFFFAOYSA-N_conf17.xyz,,,,,,
JIGUQPWFLRLWPJ-UHFFFAOYSA-N_conf18,JIGUQPWFLRLWPJ-UHFFFAOYSA-N,18,10.741669232467634,generated,rdkit,0,3,JIGUQPWFLRLWPJ-UHFFFAOYSA-N_conf18.xyz,,,,,,
JIGUQPWFLRLWPJ-UHFFFAOYSA-N_conf19,JIGUQPWFLRLWPJ-UHFFFAOYSA-N,19,12.459695201037645,generated,rdkit,0,3,JIGUQPWFLRLWPJ-UHFFFAOYSA-N_conf19.xyz,,,,,,
JIGUQPWFLRLWPJ-UHFFFAOYSA-N_conf20,JIGUQPWFLRLWPJ-UHFFFAOYSA-N,20,11.816872016240305,generated,rdkit,0,3,JIGUQPWFLRLWPJ-UHFFFAOYSA-N_conf20.xyz,,,,,,
JIGUQPWFLRLWPJ-UHFFFAOYSA-N_conf21,JIGUQPWFLRLWPJ-UHFFFAOYSA-N,21,11.913438545476527,generated,rdkit,0,3,JIGUQPWFLRLWPJ-UHFFFAOYSA-N_conf21.xyz,,,,,,
JIGUQPWFLRLWPJ-UHFFFAOYSA-N_conf22,JIGUQPWFLRLWPJ-UHFFFAOYSA-N,22,11.262577076981618,generated,rdkit,0,3,JIGUQPWFLRLWPJ-UHFFFAOYSA-N_conf22.xyz,,,,,,
JIGUQPWFLRLWPJ-UHFFFAOYSA-N_conf23,JIGUQPWFLRLWPJ-UHFFFAOYSA-N,23,9.967978317436042,generated,rdkit,0,3,JIGUQPWFLRLWPJ-UHFFFAOYSA-N_conf23.xyz,,,,,,
JIGUQPWFLRLWPJ-UHFFFAOYSA-N_conf24,JIGUQPWFLRLWPJ-UHFFFAOYSA-N,24,9.320368903201514,generated,rdkit,0,3,JIGUQPWFLRLWPJ-UHFFFAOYSA-N_conf24.xyz,,,,,,
JIGUQPWFLRLWPJ-UHFFFAOYSA-N_conf25,JIGUQPWFLRLWPJ-UHFFFAOYSA-N,25,8.684167232987287,generated,rdkit,0,3,JIGUQPWFLRLWPJ-UHFFFAOYSA-N_conf25.xyz,,,,,,
JIGUQPWFLRLWPJ-UHFFFAOYSA-N_conf26,JIGUQPWFLRLWPJ-UHFFFAOYSA-N,26,17.52767635045818,generated,rdkit,0,3,JIGUQPWFLRLWPJ-UHFFFAOYSA-N_conf26.xyz,,,,,,
JIGUQPWFLRLWPJ-UHFFFAOYSA-N_conf27,JIGUQPWFLRLWPJ-UHFFFAOYSA-N,27,20.833513712306726,generated,rdkit,0,3,JIGUQPWFLRLWPJ-UHFFFAOYSA-N_conf27.xyz,,,,,,
JIGUQPWFLRLWPJ-UHFFFAOYSA-N_conf28,JIGUQPWFLRLWPJ-UHFFFAOYSA-N,28,12.208900865336123,generated,rdkit,0,3,JIGUQPWFLRLWPJ-UHFFFAOYSA-N_conf28.xyz,,,,,,
JIGUQPWFLRLWPJ-UHFFFAOYSA-N_conf29,JIGUQPWFLRLWPJ-UHFFFAOYSA-N,29,11.885601383570496,generated,rdkit,0,3,JIGUQPWFLRLWPJ-UHFFFAOYSA-N_conf29.xyz,,,,,,
JIGUQPWFLRLWPJ-UHFFFAOYSA-N_conf30,JIGUQPWFLRLWPJ-UHFFFAOYSA-N,30,10.272672441981232,generated,rdkit,0,3,JIGUQPWFLRLWPJ-UHFFFAOYSA-N_conf30.xyz,,,,,,
JIGUQPWFLRLWPJ-UHFFFAOYSA-N_conf31,JIGUQPWFLRLWPJ-UHFFFAOYSA-N,31,15.141518870598293,generated,rdkit,0,3,JIGUQPWFLRLWPJ-UHFFFAOYSA-N_conf31.xyz,,,,,,
JIGUQPWFLRLWPJ-UHFFFAOYSA-N_conf32,JIGUQPWFLRLWPJ-UHFFFAOYSA-N,32,13.14071789088981,generated,rdkit,0,3,JIGUQPWFLRLWPJ-UHFFFAOYSA-N_conf32.xyz,,,,,,
JIGUQPWFLRLWPJ-UHFFFAOYSA-N_conf33,JIGUQPWFLRLWPJ-UHFFFAOYSA-N,33,13.996598859389204,generated,rdkit,0,3,JIGUQPWFLRLWPJ-UHFFFAOYSA-N_conf33.xyz,,,,,,
JIGUQPWFLRLWPJ-UHFFFAOYSA-N_conf34,JIGUQPWFLRLWPJ-UHFFFAOYSA-N,34,9.63076781044717,generated,rdkit,0,3,JIGUQPWFLRLWPJ-UHFFFAOYSA-N_conf34.xyz,,,,,,
JIGUQPWFLRLWPJ-UHFFFAOYSA-N_conf35,JIGUQPWFLRLWPJ-UHFFFAOYSA-N,35,17.43687161103307,generated,rdkit,0,3,JIGUQPWFLRLWPJ-UHFFFAOYSA-N_conf35.xyz,,,,,,
JIGUQPWFLRLWPJ-UHFFFAOYSA-N_conf36,JIGUQPWFLRLWPJ-UHFFFAOYSA-N,36,15.308739949229407,generated,rdkit,0,3,JIGUQPWFLRLWPJ-UHFFFAOYSA-N_conf36.xyz,,,,,,
JIGUQPWFLRLWPJ-UHFFFAOYSA-N_conf37,JIGUQPWFLRLWPJ-UHFFFAOYSA-N,37,12.038005855750047,generated,rdkit,0,3,JIGUQPWFLRLWPJ-UHFFFAOYSA-N_conf37.xyz,,,,,,
JIGUQPWFLRLWPJ-UHFFFAOYSA-N_conf38,JIGUQPWFLRLWPJ-UHFFFAOYSA-N,38,12.061392770913935,generated,rdkit,0,3,JIGUQPWFLRLWPJ-UHFFFAOYSA-N_conf38.xyz,,,,,,
JIGUQPWFLRLWPJ-UHFFFAOYSA-N_conf39,JIGUQPWFLRLWPJ-UHFFFAOYSA-N,39,12.771041048794656,generated,rdkit,0,3,JIGUQPWFLRLWPJ-UHFFFAOYSA-N_conf39.xyz,,,,,,
JIGUQPWFLRLWPJ-UHFFFAOYSA-N_conf40,JIGUQPWFLRLWPJ-UHFFFAOYSA-N,40,10.619404089711992,generated,rdkit,0,3,JIGUQPWFLRLWPJ-UHFFFAOYSA-N_conf40.xyz,,,,,,
JIGUQPWFLRLWPJ-UHFFFAOYSA-N_conf41,JIGUQPWFLRLWPJ-UHFFFAOYSA-N,41,14.460849584784876,generated,rdkit,0,3,JIGUQPWFLRLWPJ-UHFFFAOYSA-N_conf41.xyz,,,,,,
JIGUQPWFLRLWPJ-UHFFFAOYSA-N_conf42,JIGUQPWFLRLWPJ-UHFFFAOYSA-N,42,12.35024607513234,generated,rdkit,0,3,JIGUQPWFLRLWPJ-UHFFFAOYSA-N_conf42.xyz,,,,,,
JIGUQPWFLRLWPJ-UHFFFAOYSA-N_conf43,JIGUQPWFLRLWPJ-UHFFFAOYSA-N,43,12.940891874758739,generated,rdkit,0,3,JIGUQPWFLRLWPJ-UHFFFAOYSA-N_conf43.xyz,,,,,,
JIGUQPWFLRLWPJ-UHFFFAOYSA-N_conf44,JIGUQPWFLRLWPJ-UHFFFAOYSA-N,44,12.843045247638107,generated,rdkit,0,3,JIGUQPWFLRLWPJ-UHFFFAOYSA-N_conf44.xyz,,,,,,
JIGUQPWFLRLWPJ-UHFFFAOYSA-N_conf45,JIGUQPWFLRLWPJ-UHFFFAOYSA-N,45,12.86142626076055,generated,rdkit,0,3,JIGUQPWFLRLWPJ-UHFFFAOYSA-N_conf45.xyz,,,,,,
JIGUQPWFLRLWPJ-UHFFFAOYSA-N_conf46,JIGUQPWFLRLWPJ-UHFFFAOYSA-N,46,9.83865452155962,generated,rdkit,0,3,JIGUQPWFLRLWPJ-UHFFFAOYSA-N_conf46.xyz,,,,,,
JIGUQPWFLRLWPJ-UHFFFAOYSA-N_conf47,JIGUQPWFLRLWPJ-UHFFFAOYSA-N,47,9.656600345579763,generated,rdkit,0,3,JIGUQPWFLRLWPJ-UHFFFAOYSA-N_conf47.xyz,,,,,,
JIGUQPWFLRLWPJ-UHFFFAOYSA-N_conf48,JIGUQPWFLRLWPJ-UHFFFAOYSA-N,48,14.323246619820942,generated,rdkit,0,3,JIGUQPWFLRLWPJ-UHFFFAOYSA-N_conf48.xyz,,,,,,
JIGUQPWFLRLWPJ-UHFFFAOYSA-N_conf49,JIGUQPWFLRLWPJ-UHFFFAOYSA-N,49,9.964668947876394,generated,rdkit,0,3,JIGUQPWFLRLWPJ-UHFFFAOYSA-N_conf49.xyz,,,,,,
JIGUQPWFLRLWPJ-UHFFFAOYSA-N_conf50,JIGUQPWFLRLWPJ-UHFFFAOYSA-N,50,11.92893875175543,generated,rdkit,0,3,JIGUQPWFLRLWPJ-UHFFFAOYSA-N_conf50.xyz,,,,,,
JIGUQPWFLRLWPJ-UHFFFAOYSA-N_conf51,JIGUQPWFLRLWPJ-UHFFFAOYSA-N,51,10.014808341996979,generated,rdkit,0,3,JIGUQPWFLRLWPJ-UHFFFAOYSA-N_conf51.xyz,,,,,,
JIGUQPWFLRLWPJ-UHFFFAOYSA-N_conf52,JIGUQPWFLRLWPJ-UHFFFAOYSA-N,52,20.467037980870263,generated,rdkit,0,3,JIGUQPWFLRLWPJ-UHFFFAOYSA-N_conf52.xyz,,,,,,
JIGUQPWFLRLWPJ-UHFFFAOYSA-N_conf53,JIGUQPWFLRLWPJ-UHFFFAOYSA-N,53,14.62535207287244,generated,rdkit,0,3,JIGUQPWFLRLWPJ-UHFFFAOYSA-N_conf53.xyz,,,,,,
JIGUQPWFLRLWPJ-UHFFFAOYSA-N_conf54,JIGUQPWFLRLWPJ-UHFFFAOYSA-N,54,14.106132107736478,generated,rdkit,0,3,JIGUQPWFLRLWPJ-UHFFFAOYSA-N_conf54.xyz,,,,,,
JIGUQPWFLRLWPJ-UHFFFAOYSA-N_conf55,JIGUQPWFLRLWPJ-UHFFFAOYSA-N,55,11.2366150649052,generated,rdkit,0,3,JIGUQPWFLRLWPJ-UHFFFAOYSA-N_conf55.xyz,,,,,,
JIGUQPWFLRLWPJ-UHFFFAOYSA-N_conf56,JIGUQPWFLRLWPJ-UHFFFAOYSA-N,56,11.131512594168452,generated,rdkit,0,3,JIGUQPWFLRLWPJ-UHFFFAOYSA-N_conf56.xyz,,,,,,
JIGUQPWFLRLWPJ-UHFFFAOYSA-N_conf57,JIGUQPWFLRLWPJ-UHFFFAOYSA-N,57,14.327875505448347,generated,rdkit,0,3,JIGUQPWFLRLWPJ-UHFFFAOYSA-N_conf57.xyz,,,,,,
JIGUQPWFLRLWPJ-UHFFFAOYSA-N_conf58,JIGUQPWFLRLWPJ-UHFFFAOYSA-N,58,10.728845225446767,generated,rdkit,0,3,JIGUQPWFLRLWPJ-UHFFFAOYSA-N_conf58.xyz,,,,,,
JIGUQPWFLRLWPJ-UHFFFAOYSA-N_conf59,JIGUQPWFLRLWPJ-UHFFFAOYSA-N,59,7.9012323898961085,generated,rdkit,0,3,JIGUQPWFLRLWPJ-UHFFFAOYSA-N_conf59.xyz,,,,,,
JIGUQPWFLRLWPJ-UHFFFAOYSA-N_conf60,JIGUQPWFLRLWPJ-UHFFFAOYSA-N,60,9.739312951596286,generated,rdkit,0,3,JIGUQPWFLRLWPJ-UHFFFAOYSA-N_conf60.xyz,,,,,,
JIGUQPWFLRLWPJ-UHFFFAOYSA-N_conf61,JIGUQPWFLRLWPJ-UHFFFAOYSA-N,61,18.98638169652764,generated,rdkit,0,3,JIGUQPWFLRLWPJ-UHFFFAOYSA-N_conf61.xyz,,,,,,
JIGUQPWFLRLWPJ-UHFFFAOYSA-N_conf62,JIGUQPWFLRLWPJ-UHFFFAOYSA-N,62,15.81902221846321,generated,rdkit,0,3,JIGUQPWFLRLWPJ-UHFFFAOYSA-N_conf62.xyz,,,,,,
JIGUQPWFLRLWPJ-UHFFFAOYSA-N_conf63,JIGUQPWFLRLWPJ-UHFFFAOYSA-N,63,12.959979123488823,generated,rdkit,0,3,JIGUQPWFLRLWPJ-UHFFFAOYSA-N_conf63.xyz,,,,,,
JIGUQPWFLRLWPJ-UHFFFAOYSA-N_conf64,JIGUQPWFLRLWPJ-UHFFFAOYSA-N,64,15.539349326974689,generated,rdkit,0,3,JIGUQPWFLRLWPJ-UHFFFAOYSA-N_conf64.xyz,,,,,,
JIGUQPWFLRLWPJ-UHFFFAOYSA-N_conf65,JIGUQPWFLRLWPJ-UHFFFAOYSA-N,65,10.244107070915161,generated,rdkit,0,3,JIGUQPWFLRLWPJ-UHFFFAOYSA-N_conf65.xyz,,,,,,
JIGUQPWFLRLWPJ-UHFFFAOYSA-N_conf66,JIGUQPWFLRLWPJ-UHFFFAOYSA-N,66,16.30812960729572,generated,rdkit,0,3,JIGUQPWFLRLWPJ-UHFFFAOYSA-N_conf66.xyz,,,,,,
JIGUQPWFLRLWPJ-UHFFFAOYSA-N_conf67,JIGUQPWFLRLWPJ-UHFFFAOYSA-N,67,11.324368798592326,generated,rdkit,0,3,JIGUQPWFLRLWPJ-UHFFFAOYSA-N_conf67.xyz,,,,,,
JIGUQPWFLRLWPJ-UHFFFAOYSA-N_conf68,JIGUQPWFLRLWPJ-UHFFFAOYSA-N,68,25.169595307182085,generated,rdkit,0,3,JIGUQPWFLRLWPJ-UHFFFAOYSA-N_conf68.xyz,,,,,,
JIGUQPWFLRLWPJ-UHFFFAOYSA-N_conf69,JIGUQPWFLRLWPJ-UHFFFAOYSA-N,69,11.400416937066678,generated,rdkit,0,3,JIGUQPWFLRLWPJ-UHFFFAOYSA-N_conf69.xyz,,,,,,
JIGUQPWFLRLWPJ-UHFFFAOYSA-N_conf70,JIGUQPWFLRLWPJ-UHFFFAOYSA-N,70,19.238227842618002,generated,rdkit,0,3,JIGUQPWFLRLWPJ-UHFFFAOYSA-N_conf70.xyz,,,,,,
JIGUQPWFLRLWPJ-UHFFFAOYSA-N_conf71,JIGUQPWFLRLWPJ-UHFFFAOYSA-N,71,10.90451821031383,generated,rdkit,0,3,JIGUQPWFLRLWPJ-UHFFFAOYSA-N_conf71.xyz,,,,,,
JIGUQPWFLRLWPJ-UHFFFAOYSA-N_conf72,JIGUQPWFLRLWPJ-UHFFFAOYSA-N,72,8.156132372168083,generated,rdkit,0,3,JIGUQPWFLRLWPJ-UHFFFAOYSA-N_conf72.xyz,,,,,,
JIGUQPWFLRLWPJ-UHFFFAOYSA-N_conf73,JIGUQPWFLRLWPJ-UHFFFAOYSA-N,73,12.462512104402185,generated,rdkit,0,3,JIGUQPWFLRLWPJ-UHFFFAOYSA-N_conf73.xyz,,,,,,
JIGUQPWFLRLWPJ-UHFFFAOYSA-N_conf74,JIGUQPWFLRLWPJ-UHFFFAOYSA-N,74,8.922210710020446,generated,rdkit,0,3,JIGUQPWFLRLWPJ-UHFFFAOYSA-N_conf74.xyz,,,,,,
JIGUQPWFLRLWPJ-UHFFFAOYSA-N_conf75,JIGUQPWFLRLWPJ-UHFFFAOYSA-N,75,19.533837413206367,generated,rdkit,0,3,JIGUQPWFLRLWPJ-UHFFFAOYSA-N_conf75.xyz,,,,,,
JIGUQPWFLRLWPJ-UHFFFAOYSA-N_conf76,JIGUQPWFLRLWPJ-UHFFFAOYSA-N,76,13.562732416751192,generated,rdkit,0,3,JIGUQPWFLRLWPJ-UHFFFAOYSA-N_conf76.xyz,,,,,,
JIGUQPWFLRLWPJ-UHFFFAOYSA-N_conf77,JIGUQPWFLRLWPJ-UHFFFAOYSA-N,77,9.828466373029382,generated,rdkit,0,3,JIGUQPWFLRLWPJ-UHFFFAOYSA-N_conf77.xyz,,,,,,
JIGUQPWFLRLWPJ-UHFFFAOYSA-N_conf78,JIGUQPWFLRLWPJ-UHFFFAOYSA-N,78,17.34249595394984,generated,rdkit,0,3,JIGUQPWFLRLWPJ-UHFFFAOYSA-N_conf78.xyz,,,,,,
JIGUQPWFLRLWPJ-UHFFFAOYSA-N_conf79,JIGUQPWFLRLWPJ-UHFFFAOYSA-N,79,11.529627870566252,generated,rdkit,0,3,JIGUQPWFLRLWPJ-UHFFFAOYSA-N_conf79.xyz,,,,,,
JIGUQPWFLRLWPJ-UHFFFAOYSA-N_conf80,JIGUQPWFLRLWPJ-UHFFFAOYSA-N,80,14.63831073343576,generated,rdkit,0,3,JIGUQPWFLRLWPJ-UHFFFAOYSA-N_conf80.xyz,,,,,,
JIGUQPWFLRLWPJ-UHFFFAOYSA-N_conf81,JIGUQPWFLRLWPJ-UHFFFAOYSA-N,81,9.535341769418787,generated,rdkit,0,3,JIGUQPWFLRLWPJ-UHFFFAOYSA-N_conf81.xyz,,,,,,
JIGUQPWFLRLWPJ-UHFFFAOYSA-N_conf82,JIGUQPWFLRLWPJ-UHFFFAOYSA-N,82,12.750003256353962,generated,rdkit,0,3,JIGUQPWFLRLWPJ-UHFFFAOYSA-N_conf82.xyz,,,,,,
JIGUQPWFLRLWPJ-UHFFFAOYSA-N_conf83,JIGUQPWFLRLWPJ-UHFFFAOYSA-N,83,8.1207019120851,generated,rdkit,0,3,JIGUQPWFLRLWPJ-UHFFFAOYSA-N_conf83.xyz,,,,,,
JIGUQPWFLRLWPJ-UHFFFAOYSA-N_conf84,JIGUQPWFLRLWPJ-UHFFFAOYSA-N,84,16.08683246028228,generated,rdkit,0,3,JIGUQPWFLRLWPJ-UHFFFAOYSA-N_conf84.xyz,,,,,,
JIGUQPWFLRLWPJ-UHFFFAOYSA-N_conf85,JIGUQPWFLRLWPJ-UHFFFAOYSA-N,85,12.527648829964322,generated,rdkit,0,3,JIGUQPWFLRLWPJ-UHFFFAOYSA-N_conf85.xyz,,,,,,
JIGUQPWFLRLWPJ-UHFFFAOYSA-N_conf86,JIGUQPWFLRLWPJ-UHFFFAOYSA-N,86,10.871705074892045,generated,rdkit,0,3,JIGUQPWFLRLWPJ-UHFFFAOYSA-N_conf86.xyz,,,,,,
JIGUQPWFLRLWPJ-UHFFFAOYSA-N_conf87,JIGUQPWFLRLWPJ-UHFFFAOYSA-N,87,10.31919928238834,generated,rdkit,0,3,JIGUQPWFLRLWPJ-UHFFFAOYSA-N_conf87.xyz,,,,,,
JIGUQPWFLRLWPJ-UHFFFAOYSA-N_conf88,JIGUQPWFLRLWPJ-UHFFFAOYSA-N,88,20.049269048739095,generated,rdkit,0,3,JIGUQPWFLRLWPJ-UHFFFAOYSA-N_conf88.xyz,,,,,,
JIGUQPWFLRLWPJ-UHFFFAOYSA-N_conf89,JIGUQPWFLRLWPJ-UHFFFAOYSA-N,89,20.579377850893454,generated,rdkit,0,3,JIGUQPWFLRLWPJ-UHFFFAOYSA-N_conf89.xyz,,,,,,
JIGUQPWFLRLWPJ-UHFFFAOYSA-N_conf90,JIGUQPWFLRLWPJ-UHFFFAOYSA-N,90,9.078520961969339,generated,rdkit,0,3,JIGUQPWFLRLWPJ-UHFFFAOYSA-N_conf90.xyz,,,,,,
JIGUQPWFLRLWPJ-UHFFFAOYSA-N_conf91,JIGUQPWFLRLWPJ-UHFFFAOYSA-N,91,12.448068752945044,generated,rdkit,0,3,JIGUQPWFLRLWPJ-UHFFFAOYSA-N_conf91.xyz,,,,,,
JIGUQPWFLRLWPJ-UHFFFAOYSA-N_conf92,JIGUQPWFLRLWPJ-UHFFFAOYSA-N,92,9.835922044645123,generated,rdkit,0,3,JIGUQPWFLRLWPJ-UHFFFAOYSA-N_conf92.xyz,,,,,,
JIGUQPWFLRLWPJ-UHFFFAOYSA-N_conf93,JIGUQPWFLRLWPJ-UHFFFAOYSA-N,93,8.588552444732283,generated,rdkit,0,3,JIGUQPWFLRLWPJ-UHFFFAOYSA-N_conf93.xyz,,,,,,
JIGUQPWFLRLWPJ-UHFFFAOYSA-N_conf94,JIGUQPWFLRLWPJ-UHFFFAOYSA-N,94,21.966081657809685,generated,rdkit,0,3,JIGUQPWFLRLWPJ-UHFFFAOYSA-N_conf94.xyz,,,,,,
JIGUQPWFLRLWPJ-UHFFFAOYSA-N_conf95,JIGUQPWFLRLWPJ-UHFFFAOYSA-N,95,9.794954757014573,generated,rdkit,0,3,JIGUQPWFLRLWPJ-UHFFFAOYSA-N_conf95.xyz,,,,,,
JIGUQPWFLRLWPJ-UHFFFAOYSA-N_conf96,JIGUQPWFLRLWPJ-UHFFFAOYSA-N,96,13.294199670804272,generated,rdkit,0,3,JIGUQPWFLRLWPJ-UHFFFAOYSA-N_conf96.xyz,,,,,,
JIGUQPWFLRLWPJ-UHFFFAOYSA-N_conf97,JIGUQPWFLRLWPJ-UHFFFAOYSA-N,97,11.051365333497822,generated,rdkit,0,3,JIGUQPWFLRLWPJ-UHFFFAOYSA-N_conf97.xyz,,,,,,
JIGUQPWFLRLWPJ-UHFFFAOYSA-N_conf98,JIGUQPWFLRLWPJ-UHFFFAOYSA-N,98,14.561625126293393,generated,rdkit,0,3,JIGUQPWFLRLWPJ-UHFFFAOYSA-N_conf98.xyz,,,,,,
JIGUQPWFLRLWPJ-UHFFFAOYSA-N_conf99,JIGUQPWFLRLWPJ-UHFFFAOYSA-N,99,9.859063160699666,generated,rdkit,0,3,JIGUQPWFLRLWPJ-UHFFFAOYSA-N_conf99.xyz,,,,,,
VVQNEPGJFQJSBK-UHFFFAOYSA-N_conf0,VVQNEPGJFQJSBK-UHFFFAOYSA-N,0,14.725700308847378,generated,rdkit,0,3,VVQNEPGJFQJSBK-UHFFFAOYSA-N_conf0.xyz,,,,,,
VVQNEPGJFQJSBK-UHFFFAOYSA-N_conf1,VVQNEPGJFQJSBK-UHFFFAOYSA-N,1,12.320751332971563,generated,rdkit,0,3,VVQNEPGJFQJSBK-UHFFFAOYSA-N_conf1.xyz,,,,,,
VVQNEPGJFQJSBK-UHFFFAOYSA-N_conf2,VVQNEPGJFQJSBK-UHFFFAOYSA-N,2,13.351552315452443,generated,rdkit,0,3,VVQNEPGJFQJSBK-UHFFFAOYSA-N_conf2.xyz,,,,,,
VVQNEPGJFQJSBK-UHFFFAOYSA-N_conf3,VVQNEPGJFQJSBK-UHFFFAOYSA-N,3,15.211377457492247,generated,rdkit,0,3,VVQNEPGJFQJSBK-UHFFFAOYSA-N_conf3.xyz,,,,,,
VVQNEPGJFQJSBK-UHFFFAOYSA-N_conf4,VVQNEPGJFQJSBK-UHFFFAOYSA-N,4,16.109526586799497,generated,rdkit,0,3,VVQNEPGJFQJSBK-UHFFFAOYSA-N_conf4.xyz,,,,,,
VVQNEPGJFQJSBK-UHFFFAOYSA-N_conf5,VVQNEPGJFQJSBK-UHFFFAOYSA-N,5,14.688707222173221,generated,rdkit,0,3,VVQNEPGJFQJSBK-UHFFFAOYSA-N_conf5.xyz,,,,,,
VVQNEPGJFQJSBK-UHFFFAOYSA-N_conf6,VVQNEPGJFQJSBK-UHFFFAOYSA-N,6,14.793809585725782,generated,rdkit,0,3,VVQNEPGJFQJSBK-UHFFFAOYSA-N_conf6.xyz,,,,,,
VVQNEPGJFQJSBK-UHFFFAOYSA-N_conf7,VVQNEPGJFQJSBK-UHFFFAOYSA-N,7,13.911169632790095,generated,rdkit,0,3,VVQNEPGJFQJSBK-UHFFFAOYSA-N_conf7.xyz,,,,,,
VVQNEPGJFQJSBK-UHFFFAOYSA-N_conf8,VVQNEPGJFQJSBK-UHFFFAOYSA-N,8,10.176139307363668,generated,rdkit,0,3,VVQNEPGJFQJSBK-UHFFFAOYSA-N_conf8.xyz,,,,,,
VVQNEPGJFQJSBK-UHFFFAOYSA-N_conf9,VVQNEPGJFQJSBK-UHFFFAOYSA-N,9,14.916263049852159,generated,rdkit,0,3,VVQNEPGJFQJSBK-UHFFFAOYSA-N_conf9.xyz,,,,,,
VVQNEPGJFQJSBK-UHFFFAOYSA-N_conf10,VVQNEPGJFQJSBK-UHFFFAOYSA-N,10,18.14739883617564,generated,rdkit,0,3,VVQNEPGJFQJSBK-UHFFFAOYSA-N_conf10.xyz,,,,,,
VVQNEPGJFQJSBK-UHFFFAOYSA-N_conf11,VVQNEPGJFQJSBK-UHFFFAOYSA-N,11,14.613164619083816,generated,rdkit,0,3,VVQNEPGJFQJSBK-UHFFFAOYSA-N_conf11.xyz,,,,,,
VVQNEPGJFQJSBK-UHFFFAOYSA-N_conf12,VVQNEPGJFQJSBK-UHFFFAOYSA-N,12,19.079072392348763,generated,rdkit,0,3,VVQNEPGJFQJSBK-UHFFFAOYSA-N_conf12.xyz,,,,,,
VVQNEPGJFQJSBK-UHFFFAOYSA-N_conf13,VVQNEPGJFQJSBK-UHFFFAOYSA-N,13,13.443419782917656,generated,rdkit,0,3,VVQNEPGJFQJSBK-UHFFFAOYSA-N_conf13.xyz,,,,,,
VVQNEPGJFQJSBK-UHFFFAOYSA-N_conf14,VVQNEPGJFQJSBK-UHFFFAOYSA-N,14,12.92137532044956,generated,rdkit,0,3,VVQNEPGJFQJSBK-UHFFFAOYSA-N_conf14.xyz,,,,,,
VVQNEPGJFQJSBK-UHFFFAOYSA-N_conf15,VVQNEPGJFQJSBK-UHFFFAOYSA-N,15,12.843566689144973,generated,rdkit,0,3,VVQNEPGJFQJSBK-UHFFFAOYSA-N_conf15.xyz,,,,,,
VVQNEPGJFQJSBK-UHFFFAOYSA-N_conf16,VVQNEPGJFQJSBK-UHFFFAOYSA-N,16,12.423339403055975,generated,rdkit,0,3,VVQNEPGJFQJSBK-UHFFFAOYSA-N_conf16.xyz,,,,,,
VVQNEPGJFQJSBK-UHFFFAOYSA-N_conf17,VVQNEPGJFQJSBK-UHFFFAOYSA-N,17,13.346600931090071,generated,rdkit,0,3,VVQNEPGJFQJSBK-UHFFFAOYSA-N_conf17.xyz,,,,,,
VVQNEPGJFQJSBK-UHFFFAOYSA-N_conf18,VVQNEPGJFQJSBK-UHFFFAOYSA-N,18,15.972364556480859,generated,rdkit,0,3,VVQNEPGJFQJSBK-UHFFFAOYSA-N_conf18.xyz,,,,,,
VVQNEPGJFQJSBK-UHFFFAOYSA-N_conf19,VVQNEPGJFQJSBK-UHFFFAOYSA-N,19,10.98582157199823,generated,rdkit,0,3,VVQNEPGJFQJSBK-UHFFFAOYSA-N_conf19.xyz,,,,,,
VVQNEPGJFQJSBK-UHFFFAOYSA-N_conf20,VVQNEPGJFQJSBK-UHFFFAOYSA-N,20,10.186305727040315,generated,rdkit,0,3,VVQNEPGJFQJSBK-UHFFFAOYSA-N_conf20.xyz,,,,,,
VVQNEPGJFQJSBK-UHFFFAOYSA-N_conf21,VVQNEPGJFQJSBK-UHFFFAOYSA-N,21,23.508308039964565,generated,rdkit,0,3,VVQNEPGJFQJSBK-UHFFFAOYSA-N_conf21.xyz,,,,,,
VVQNEPGJFQJSBK-UHFFFAOYSA-N_conf22,VVQNEPGJFQJSBK-UHFFFAOYSA-N,22,16.083755549842973,generated,rdkit,0,3,VVQNEPGJFQJSBK-UHFFFAOYSA-N_conf22.xyz,,,,,,
VVQNEPGJFQJSBK-UHFFFAOYSA-N_conf23,VVQNEPGJFQJSBK-UHFFFAOYSA-N,23,10.839216357635417,generated,rdkit,0,3,VVQNEPGJFQJSBK-UHFFFAOYSA-N_conf23.xyz,,,,,,
VVQNEPGJFQJSBK-UHFFFAOYSA-N_conf24,VVQNEPGJFQJSBK-UHFFFAOYSA-N,24,13.095780057467447,generated,rdkit,0,3,VVQNEPGJFQJSBK-UHFFFAOYSA-N_conf24.xyz,,,,,,
VVQNEPGJFQJSBK-UHFFFAOYSA-N_conf25,VVQNEPGJFQJSBK-UHFFFAOYSA-N,25,11.77417436281673,generated,rdkit,0,3,VVQNEPGJFQJSBK-UHFFFAOYSA-N_conf25.xyz,,,,,,
VVQNEPGJFQJSBK-UHFFFAOYSA-N_conf26,VVQNEPGJFQJSBK-UHFFFAOYSA-N,26,17.07479153698016,generated,rdkit,0,3,VVQNEPGJFQJSBK-UHFFFAOYSA-N_conf26.xyz,,,,,,
VVQNEPGJFQJSBK-UHFFFAOYSA-N_conf27,VVQNEPGJFQJSBK-UHFFFAOYSA-N,27,17.867939571802072,generated,rdkit,0,3,VVQNEPGJFQJSBK-UHFFFAOYSA-N_conf27.xyz,,,,,,
VVQNEPGJFQJSBK-UHFFFAOYSA-N_conf28,VVQNEPGJFQJSBK-UHFFFAOYSA-N,28,12.365066937408647,generated,rdkit,0,3,VVQNEPGJFQJSBK-UHFFFAOYSA-N_conf28.xyz,,,,,,
VVQNEPGJFQJSBK-UHFFFAOYSA-N_conf29,VVQNEPGJFQJSBK-UHFFFAOYSA-N,29,10.846649340498598,generated,rdkit,0,3,VVQNEPGJFQJSBK-UHFFFAOYSA-N_conf29.xyz,,,,,,
VVQNEPGJFQJSBK-UHFFFAOYSA-N_conf30,VVQNEPGJFQJSBK-UHFFFAOYSA-N,30,16.136560741066408,generated,rdkit,0,3,VVQNEPGJFQJSBK-UHFFFAOYSA-N_conf30.xyz,,,,,,
VVQNEPGJFQJSBK-UHFFFAOYSA-N_conf31,VVQNEPGJFQJSBK-UHFFFAOYSA-N,31,11.06625551847356,generated,rdkit,0,3,VVQNEPGJFQJSBK-UHFFFAOYSA-N_conf31.xyz,,,,,,
VVQNEPGJFQJSBK-UHFFFAOYSA-N_conf32,VVQNEPGJFQJSBK-UHFFFAOYSA-N,32,16.136490491606963,generated,rdkit,0,3,VVQNEPGJFQJSBK-UHFFFAOYSA-N_conf32.xyz,,,,,,
VVQNEPGJFQJSBK-UHFFFAOYSA-N_conf33,VVQNEPGJFQJSBK-UHFFFAOYSA-N,33,10.883514112409019,generated,rdkit,0,3,VVQNEPGJFQJSBK-UHFFFAOYSA-N_conf33.xyz,,,,,,
VVQNEPGJFQJSBK-UHFFFAOYSA-N_conf34,VVQNEPGJFQJSBK-UHFFFAOYSA-N,34,15.438296706313393,generated,rdkit,0,3,VVQNEPGJFQJSBK-UHFFFAOYSA-N_conf34.xyz,,,,,,
VVQNEPGJFQJSBK-UHFFFAOYSA-N_conf35,VVQNEPGJFQJSBK-UHFFFAOYSA-N,35,13.05978160564044,generated,rdkit,0,3,VVQNEPGJFQJSBK-UHFFFAOYSA-N_conf35.xyz,,,,,,
VVQNEPGJFQJSBK-UHFFFAOYSA-N_conf36,VVQNEPGJFQJSBK-UHFFFAOYSA-N,36,15.583723807110362,generated,rdkit,0,3,VVQNEPGJFQJSBK-UHFFFAOYSA-N_conf36.xyz,,,,,,
VVQNEPGJFQJSBK-UHFFFAOYSA-N_conf37,VVQNEPGJFQJSBK-UHFFFAOYSA-N,37,14.072088809037647,generated,rdkit,0,3,VVQNEPGJFQJSBK-UHFFFAOYSA-N_conf37.xyz,,,,,,
VVQNEPGJFQJSBK-UHFFFAOYSA-N_conf38,VVQNEPGJFQJSBK-UHFFFAOYSA-N,38,18.401712104858266,generated,rdkit,0,3,VVQNEPGJFQJSBK-UHFFFAOYSA-N_conf38.xyz,,,,,,
VVQNEPGJFQJSBK-UHFFFAOYSA-N_conf39,VVQNEPGJFQJSBK-UHFFFAOYSA-N,39,12.06110358086825,generated,rdkit,0,3,VVQNEPGJFQJSBK-UHFFFAOYSA-N_conf39.xyz,,,,,,
VVQNEPGJFQJSBK-UHFFFAOYSA-N_conf40,VVQNEPGJFQJSBK-UHFFFAOYSA-N,40,16.222629248924346,generated,rdkit,0,3,VVQNEPGJFQJSBK-UHFFFAOYSA-N_conf40.xyz,,,,,,
VVQNEPGJFQJSBK-UHFFFAOYSA-N_conf41,VVQNEPGJFQJSBK-UHFFFAOYSA-N,41,14.976470338911048,generated,rdkit,0,3,VVQNEPGJFQJSBK-UHFFFAOYSA-N_conf41.xyz,,,,,,
VVQNEPGJFQJSBK-UHFFFAOYSA-N_conf42,VVQNEPGJFQJSBK-UHFFFAOYSA-N,42,12.437300009433542,generated,rdkit,0,3,VVQNEPGJFQJSBK-UHFFFAOYSA-N_conf42.xyz,,,,,,
VVQNEPGJFQJSBK-UHFFFAOYSA-N_conf43,VVQNEPGJFQJSBK-UHFFFAOYSA-N,43,15.176316806489634,generated,rdkit,0,3,VVQNEPGJFQJSBK-UHFFFAOYSA-N_conf43.xyz,,,,,,
VVQNEPGJFQJSBK-UHFFFAOYSA-N_conf44,VVQNEPGJFQJSBK-UHFFFAOYSA-N,44,20.874069698188613,generated,rdkit,0,3,VVQNEPGJFQJSBK-UHFFFAOYSA-N_conf44.xyz,,,,,,
VVQNEPGJFQJSBK-UHFFFAOYSA-N_conf45,VVQNEPGJFQJSBK-UHFFFAOYSA-N,45,19.929409853180232,generated,rdkit,0,3,VVQNEPGJFQJSBK-UHFFFAOYSA-N_conf45.xyz,,,,,,
VVQNEPGJFQJSBK-UHFFFAOYSA-N_conf46,VVQNEPGJFQJSBK-UHFFFAOYSA-N,46,19.43314596173938,generated,rdkit,0,3,VVQNEPGJFQJSBK-UHFFFAOYSA-N_conf46.xyz,,,,,,
VVQNEPGJFQJSBK-UHFFFAOYSA-N_conf47,VVQNEPGJFQJSBK-UHFFFAOYSA-N,47,22.916096853110272,generated,rdkit,0,3,VVQNEPGJFQJSBK-UHFFFAOYSA-N_conf47.xyz,,,,,,
VVQNEPGJFQJSBK-UHFFFAOYSA-N_conf48,VVQNEPGJFQJSBK-UHFFFAOYSA-N,48,13.877998226435134,generated,rdkit,0,3,VVQNEPGJFQJSBK-UHFFFAOYSA-N_conf48.xyz,,,,,,
VVQNEPGJFQJSBK-UHFFFAOYSA-N_conf49,VVQNEPGJFQJSBK-UHFFFAOYSA-N,49,19.975772347594013,generated,rdkit,0,3,VVQNEPGJFQJSBK-UHFFFAOYSA-N_conf49.xyz,,,,,,
VVQNEPGJFQJSBK-UHFFFAOYSA-N_conf50,VVQNEPGJFQJSBK-UHFFFAOYSA-N,50,16.078709922771136,generated,rdkit,0,3,VVQNEPGJFQJSBK-UHFFFAOYSA-N_conf50.xyz,,,,,,
VVQNEPGJFQJSBK-UHFFFAOYSA-N_conf51,VVQNEPGJFQJSBK-UHFFFAOYSA-N,51,12.621766668660799,generated,rdkit,0,3,VVQNEPGJFQJSBK-UHFFFAOYSA-N_conf51.xyz,,,,,,
VVQNEPGJFQJSBK-UHFFFAOYSA-N_conf52,VVQNEPGJFQJSBK-UHFFFAOYSA-N,52,16.283649790178195,generated,rdkit,0,3,VVQNEPGJFQJSBK-UHFFFAOYSA-N_conf52.xyz,,,,,,
VVQNEPGJFQJSBK-UHFFFAOYSA-N_conf53,VVQNEPGJFQJSBK-UHFFFAOYSA-N,53,14.042893326262034,generated,rdkit,0,3,VVQNEPGJFQJSBK-UHFFFAOYSA-N_conf53.xyz,,,,,,
VVQNEPGJFQJSBK-UHFFFAOYSA-N_conf54,VVQNEPGJFQJSBK-UHFFFAOYSA-N,54,14.008826881497901,generated,rdkit,0,3,VVQNEPGJFQJSBK-UHFFFAOYSA-N_conf54.xyz,,,,,,
VVQNEPGJFQJSBK-UHFFFAOYSA-N_conf55,VVQNEPGJFQJSBK-UHFFFAOYSA-N,55,17.1694638966155,generated,rdkit,0,3,VVQNEPGJFQJSBK-UHFFFAOYSA-N_conf55.xyz,,,,,,
VVQNEPGJFQJSBK-UHFFFAOYSA-N_conf56,VVQNEPGJFQJSBK-UHFFFAOYSA-N,56,13.693909825415181,generated,rdkit,0,3,VVQNEPGJFQJSBK-UHFFFAOYSA-N_conf56.xyz,,,,,,
VVQNEPGJFQJSBK-UHFFFAOYSA-N_conf57,VVQNEPGJFQJSBK-UHFFFAOYSA-N,57,12.289028686529273,generated,rdkit,0,3,VVQNEPGJFQJSBK-UHFFFAOYSA-N_conf57.xyz,,,,,,
VVQNEPGJFQJSBK-UHFFFAOYSA-N_conf58,VVQNEPGJFQJSBK-UHFFFAOYSA-N,58,19.710668091441278,generated,rdkit,0,3,VVQNEPGJFQJSBK-UHFFFAOYSA-N_conf58.xyz,,,,,,
VVQNEPGJFQJSBK-UHFFFAOYSA-N_conf59,VVQNEPGJFQJSBK-UHFFFAOYSA-N,59,10.129832920904454,generated,rdkit,0,3,VVQNEPGJFQJSBK-UHFFFAOYSA-N_conf59.xyz,,,,,,
VVQNEPGJFQJSBK-UHFFFAOYSA-N_conf60,VVQNEPGJFQJSBK-UHFFFAOYSA-N,60,14.201768073568996,generated,rdkit,0,3,VVQNEPGJFQJSBK-UHFFFAOYSA-N_conf60.xyz,,,,,,
VVQNEPGJFQJSBK-UHFFFAOYSA-N_conf61,VVQNEPGJFQJSBK-UHFFFAOYSA-N,61,17.58947278443095,generated,rdkit,0,3,VVQNEPGJFQJSBK-UHFFFAOYSA-N_conf61.xyz,,,,,,
VVQNEPGJFQJSBK-UHFFFAOYSA-N_conf62,VVQNEPGJFQJSBK-UHFFFAOYSA-N,62,14.591760602938214,generated,rdkit,0,3,VVQNEPGJFQJSBK-UHFFFAOYSA-N_conf62.xyz,,,,,,
VVQNEPGJFQJSBK-UHFFFAOYSA-N_conf63,VVQNEPGJFQJSBK-UHFFFAOYSA-N,63,19.45491156380692,generated,rdkit,0,3,VVQNEPGJFQJSBK-UHFFFAOYSA-N_conf63.xyz,,,,,,
VVQNEPGJFQJSBK-UHFFFAOYSA-N_conf64,VVQNEPGJFQJSBK-UHFFFAOYSA-N,64,15.110196962943197,generated,rdkit,0,3,VVQNEPGJFQJSBK-UHFFFAOYSA-N_conf64.xyz,,,,,,
VVQNEPGJFQJSBK-UHFFFAOYSA-N_conf65,VVQNEPGJFQJSBK-UHFFFAOYSA-N,65,11.514606903538203,generated,rdkit,0,3,VVQNEPGJFQJSBK-UHFFFAOYSA-N_conf65.xyz,,,,,,
VVQNEPGJFQJSBK-UHFFFAOYSA-N_conf66,VVQNEPGJFQJSBK-UHFFFAOYSA-N,66,13.499929455908456,generated,rdkit,0,3,VVQNEPGJFQJSBK-UHFFFAOYSA-N_conf66.xyz,,,,,,
VVQNEPGJFQJSBK-UHFFFAOYSA-N_conf67,VVQNEPGJFQJSBK-UHFFFAOYSA-N,67,11.62562004654183,generated,rdkit,0,3,VVQNEPGJFQJSBK-UHFFFAOYSA-N_conf67.xyz,,,,,,
VVQNEPGJFQJSBK-UHFFFAOYSA-N_conf68,VVQNEPGJFQJSBK-UHFFFAOYSA-N,68,14.01360530846166,generated,rdkit,0,3,VVQNEPGJFQJSBK-UHFFFAOYSA-N_conf68.xyz,,,,,,
VVQNEPGJFQJSBK-UHFFFAOYSA-N_conf69,VVQNEPGJFQJSBK-UHFFFAOYSA-N,69,11.16745201073336,generated,rdkit,0,3,VVQNEPGJFQJSBK-UHFFFAOYSA-N_conf69.xyz,,,,,,
VVQNEPGJFQJSBK-UHFFFAOYSA-N_conf70,VVQNEPGJFQJSBK-UHFFFAOYSA-N,70,11.239622930863797,generated,rdkit,0,3,VVQNEPGJFQJSBK-UHFFFAOYSA-N_conf70.xyz,,,,,,
VVQNEPGJFQJSBK-UHFFFAOYSA-N_conf71,VVQNEPGJFQJSBK-UHFFFAOYSA-N,71,15.138418431707056,generated,rdkit,0,3,VVQNEPGJFQJSBK-UHFFFAOYSA-N_conf71.xyz,,,,,,
VVQNEPGJFQJSBK-UHFFFAOYSA-N_conf72,VVQNEPGJFQJSBK-UHFFFAOYSA-N,72,14.853281894182176,generated,rdkit,0,3,VVQNEPGJFQJSBK-UHFFFAOYSA-N_conf72.xyz,,,,,,
VVQNEPGJFQJSBK-UHFFFAOYSA-N_conf73,VVQNEPGJFQJSBK-UHFFFAOYSA-N,73,11.45617804195498,generated,rdkit,0,3,VVQNEPGJFQJSBK-UHFFFAOYSA-N_conf73.xyz,,,,,,
VVQNEPGJFQJSBK-UHFFFAOYSA-N_conf74,VVQNEPGJFQJSBK-UHFFFAOYSA-N,74,15.289297441045221,generated,rdkit,0,3,VVQNEPGJFQJSBK-UHFFFAOYSA-N_conf74.xyz,,,,,,
VVQNEPGJFQJSBK-UHFFFAOYSA-N_conf75,VVQNEPGJFQJSBK-UHFFFAOYSA-N,75,18.113683583739977,generated,rdkit,0,3,VVQNEPGJFQJSBK-UHFFFAOYSA-N_conf75.xyz,,,,,,
VVQNEPGJFQJSBK-UHFFFAOYSA-N_conf76,VVQNEPGJFQJSBK-UHFFFAOYSA-N,76,13.84215702606219,generated,rdkit,0,3,VVQNEPGJFQJSBK-UHFFFAOYSA-N_conf76.xyz,,,,,,
VVQNEPGJFQJSBK-UHFFFAOYSA-N_conf77,VVQNEPGJFQJSBK-UHFFFAOYSA-N,77,13.28339524242139,generated,rdkit,0,3,VVQNEPGJFQJSBK-UHFFFAOYSA-N_conf77.xyz,,,,,,
VVQNEPGJFQJSBK-UHFFFAOYSA-N_conf78,VVQNEPGJFQJSBK-UHFFFAOYSA-N,78,14.396261814480184,generated,rdkit,0,3,VVQNEPGJFQJSBK-UHFFFAOYSA-N_conf78.xyz,,,,,,
VVQNEPGJFQJSBK-UHFFFAOYSA-N_conf79,VVQNEPGJFQJSBK-UHFFFAOYSA-N,79,12.804091936541539,generated,rdkit,0,3,VVQNEPGJFQJSBK-UHFFFAOYSA-N_conf79.xyz,,,,,,
VVQNEPGJFQJSBK-UHFFFAOYSA-N_conf80,VVQNEPGJFQJSBK-UHFFFAOYSA-N,80,18.31911372058564,generated,rdkit,0,3,VVQNEPGJFQJSBK-UHFFFAOYSA-N_conf80.xyz,,,,,,
VVQNEPGJFQJSBK-UHFFFAOYSA-N_conf81,VVQNEPGJFQJSBK-UHFFFAOYSA-N,81,17.188000562608174,generated,rdkit,0,3,VVQNEPGJFQJSBK-UHFFFAOYSA-N_conf81.xyz,,,,,,
VVQNEPGJFQJSBK-UHFFFAOYSA-N_conf82,VVQNEPGJFQJSBK-UHFFFAOYSA-N,82,13.851733301876141,generated,rdkit,0,3,VVQNEPGJFQJSBK-UHFFFAOYSA-N_conf82.xyz,,,,,,
VVQNEPGJFQJSBK-UHFFFAOYSA-N_conf83,VVQNEPGJFQJSBK-UHFFFAOYSA-N,83,13.560912694417588,generated,rdkit,0,3,VVQNEPGJFQJSBK-UHFFFAOYSA-N_conf83.xyz,,,,,,
VVQNEPGJFQJSBK-UHFFFAOYSA-N_conf84,VVQNEPGJFQJSBK-UHFFFAOYSA-N,84,16.513589875509183,generated,rdkit,0,3,VVQNEPGJFQJSBK-UHFFFAOYSA-N_conf84.xyz,,,,,,
VVQNEPGJFQJSBK-UHFFFAOYSA-N_conf85,VVQNEPGJFQJSBK-UHFFFAOYSA-N,85,15.109308970001528,generated,rdkit,0,3,VVQNEPGJFQJSBK-UHFFFAOYSA-N_conf85.xyz,,,,,,
VVQNEPGJFQJSBK-UHFFFAOYSA-N_conf86,VVQNEPGJFQJSBK-UHFFFAOYSA-N,86,10.348444675824982,generated,rdkit,0,3,VVQNEPGJFQJSBK-UHFFFAOYSA-N_conf86.xyz,,,,,,
VVQNEPGJFQJSBK-UHFFFAOYSA-N_conf87,VVQNEPGJFQJSBK-UHFFFAOYSA-N,87,16.772868775772665,generated,rdkit,0,3,VVQNEPGJFQJSBK-UHFFFAOYSA-N_conf87.xyz,,,,,,
VVQNEPGJFQJSBK-UHFFFAOYSA-N_conf88,VVQNEPGJFQJSBK-UHFFFAOYSA-N,88,16.545925801399054,generated,rdkit,0,3,VVQNEPGJFQJSBK-UHFFFAOYSA-N_conf88.xyz,,,,,,
VVQNEPGJFQJSBK-UHFFFAOYSA-N_conf89,VVQNEPGJFQJSBK-UHFFFAOYSA-N,89,13.490935197233135,generated,rdkit,0,3,VVQNEPGJFQJSBK-UHFFFAOYSA-N_conf89.xyz,,,,,,
VVQNEPGJFQJSBK-UHFFFAOYSA-N_conf90,VVQNEPGJFQJSBK-UHFFFAOYSA-N,90,14.393054331289019,generated,rdkit,0,3,VVQNEPGJFQJSBK-UHFFFAOYSA-N_conf90.xyz,,,,,,
VVQNEPGJFQJSBK-UHFFFAOYSA-N_conf91,VVQNEPGJFQJSBK-UHFFFAOYSA-N,91,19.53348306846418,generated,rdkit,0,3,VVQNEPGJFQJSBK-UHFFFAOYSA-N_conf91.xyz,,,,,,
VVQNEPGJFQJSBK-UHFFFAOYSA-N_conf92,VVQNEPGJFQJSBK-UHFFFAOYSA-N,92,14.773828235586333,generated,rdkit,0,3,VVQNEPGJFQJSBK-UHFFFAOYSA-N_conf92.xyz,,,,,,
VVQNEPGJFQJSBK-UHFFFAOYSA-N_conf93,VVQNEPGJFQJSBK-UHFFFAOYSA-N,93,14.428698060650806,generated,rdkit,0,3,VVQNEPGJFQJSBK-UHFFFAOYSA-N_conf93.xyz,,,,,,
VVQNEPGJFQJSBK-UHFFFAOYSA-N_conf94,VVQNEPGJFQJSBK-UHFFFAOYSA-N,94,12.853094264000216,generated,rdkit,0,3,VVQNEPGJFQJSBK-UHFFFAOYSA-N_conf94.xyz,,,,,,
VVQNEPGJFQJSBK-UHFFFAOYSA-N_conf95,VVQNEPGJFQJSBK-UHFFFAOYSA-N,95,16.586988235478913,generated,rdkit,0,3,VVQNEPGJFQJSBK-UHFFFAOYSA-N_conf95.xyz,,,,,,
VVQNEPGJFQJSBK-UHFFFAOYSA-N_conf96,VVQNEPGJFQJSBK-UHFFFAOYSA-N,96,16.350391176465173,generated,rdkit,0,3,VVQNEPGJFQJSBK-UHFFFAOYSA-N_conf96.xyz,,,,,,
VVQNEPGJFQJSBK-UHFFFAOYSA-N_conf97,VVQNEPGJFQJSBK-UHFFFAOYSA-N,97,13.514298337935656,generated,rdkit,0,3,VVQNEPGJFQJSBK-UHFFFAOYSA-N_conf97.xyz,,,,,,
VVQNEPGJFQJSBK-UHFFFAOYSA-N_conf98,VVQNEPGJFQJSBK-UHFFFAOYSA-N,98,11.927604341293403,generated,rdkit,0,3,VVQNEPGJFQJSBK-UHFFFAOYSA-N_conf98.xyz,,,,,,
VVQNEPGJFQJSBK-UHFFFAOYSA-N_conf99,VVQNEPGJFQJSBK-UHFFFAOYSA-N,99,14.890306208904502,generated,rdkit,0,3,VVQNEPGJFQJSBK-UHFFFAOYSA-N_conf99.xyz,,,,,,
